Timestamp,SourceIP,DestinationIP,Protocol,PacketLength,InfoPacket,Signature
2023-11-24 09:53:39.682001,172.16.1.134,172.16.1.135,tcp,66,172.16.1.134:4444 -> 172.16.1.135:43942 tcp Length=66,172.16.1.134_172.16.1.135/tcp/Non-Detect
2023-11-24 09:53:39.682003,172.16.1.135,172.16.1.134,tcp,66,172.16.1.135:445 -> 172.16.1.134:42053 tcp Length=66,172.16.1.135_172.16.1.134/tcp/Non-Detect
2023-11-24 09:53:39.692620,172.16.1.135,172.16.1.134,tcp,66,172.16.1.135:43942 -> 172.16.1.134:4444 tcp Length=66,172.16.1.135_172.16.1.134/tcp/Non-Detect
2023-11-24 09:53:39.692621,172.16.1.134,172.16.1.135,tcp,60,172.16.1.134:42053 -> 172.16.1.135:445 tcp Length=60,172.16.1.134_172.16.1.135/tcp/Non-Detect
2023-11-24 09:53:39.692622,172.16.1.134,172.16.1.135,tcp,66,172.16.1.134:4444 -> 172.16.1.135:43942 tcp Length=66,172.16.1.134_172.16.1.135/tcp/Non-Detect
2023-11-24 09:53:42.804540,172.16.1.134,172.16.1.135,tcp,74,172.16.1.134:33957 -> 172.16.1.135:445 tcp Length=74,172.16.1.134_172.16.1.135/tcp/Non-Detect
2023-11-24 09:53:42.804771,172.16.1.135,172.16.1.134,tcp,74,172.16.1.135:445 -> 172.16.1.134:33957 tcp Length=74,172.16.1.135_172.16.1.134/tcp/Non-Detect
2023-11-24 09:53:42.805029,172.16.1.134,172.16.1.135,tcp,66,172.16.1.134:33957 -> 172.16.1.135:445 tcp Length=66,172.16.1.134_172.16.1.135/tcp/Non-Detect
2023-11-24 09:53:42.817584,172.16.1.134,172.16.1.135,smb,139,172.16.1.134:33957 -> 172.16.1.135:445 smb Length=139,172.16.1.134_172.16.1.135/smb/Detect
2023-11-24 09:53:42.817585,172.16.1.135,172.16.1.134,tcp,66,172.16.1.135:445 -> 172.16.1.134:33957 tcp Length=66,172.16.1.135_172.16.1.134/tcp/Non-Detect
2023-11-24 09:53:42.819414,172.16.1.135,172.16.1.134,spnego,272,172.16.1.135:445 -> 172.16.1.134:33957 spnego Length=272,172.16.1.135_172.16.1.134/spnego/Detect
2023-11-24 09:53:42.819592,172.16.1.134,172.16.1.135,tcp,66,172.16.1.134:33957 -> 172.16.1.135:445 tcp Length=66,172.16.1.134_172.16.1.135/tcp/Non-Detect
2023-11-24 09:53:42.835382,172.16.1.134,172.16.1.135,smb2,278,172.16.1.134:33957 -> 172.16.1.135:445 smb2 Length=278,172.16.1.134_172.16.1.135/smb2/Detect
2023-11-24 09:53:42.835712,172.16.1.135,172.16.1.134,spnego,272,172.16.1.135:445 -> 172.16.1.134:33957 spnego Length=272,172.16.1.135_172.16.1.134/spnego/Detect
2023-11-24 09:53:42.843889,172.16.1.134,172.16.1.135,ntlmssp,236,172.16.1.134:33957 -> 172.16.1.135:445 ntlmssp Length=236,172.16.1.134_172.16.1.135/ntlmssp/Detect
2023-11-24 09:53:42.844601,172.16.1.135,172.16.1.134,ntlmssp,279,172.16.1.135:445 -> 172.16.1.134:33957 ntlmssp Length=279,172.16.1.135_172.16.1.134/ntlmssp/Detect
2023-11-24 09:53:42.856777,172.16.1.134,172.16.1.135,ntlmssp,272,172.16.1.134:33957 -> 172.16.1.135:445 ntlmssp Length=272,172.16.1.134_172.16.1.135/ntlmssp/Detect
2023-11-24 09:53:42.856778,172.16.1.135,172.16.1.134,spnego,151,172.16.1.135:445 -> 172.16.1.134:33957 spnego Length=151,172.16.1.135_172.16.1.134/spnego/Detect
2023-11-24 09:53:42.878412,172.16.1.134,172.16.1.135,smb2,180,172.16.1.134:33957 -> 172.16.1.135:445 smb2 Length=180,172.16.1.134_172.16.1.135/smb2/Detect
2023-11-24 09:53:42.879043,172.16.1.135,172.16.1.134,smb2,150,172.16.1.135:445 -> 172.16.1.134:33957 smb2 Length=150,172.16.1.135_172.16.1.134/smb2/Detect
2023-11-24 09:53:42.891998,172.16.1.134,172.16.1.135,smb2,180,172.16.1.134:33957 -> 172.16.1.135:445 smb2 Length=180,172.16.1.134_172.16.1.135/smb2/Detect
2023-11-24 09:53:42.892364,172.16.1.135,172.16.1.134,smb2,150,172.16.1.135:445 -> 172.16.1.134:33957 smb2 Length=150,172.16.1.135_172.16.1.134/smb2/Detect
2023-11-24 09:53:42.904723,172.16.1.134,172.16.1.135,smb2,206,172.16.1.134:33957 -> 172.16.1.135:445 smb2 Length=206,172.16.1.134_172.16.1.135/smb2/Detect
2023-11-24 09:53:42.905277,172.16.1.135,172.16.1.134,smb2,222,172.16.1.135:445 -> 172.16.1.134:33957 smb2 Length=222,172.16.1.135_172.16.1.134/smb2/Detect
2023-11-24 09:53:42.916190,172.16.1.134,172.16.1.135,dcerpc,254,172.16.1.134:33957 -> 172.16.1.135:445 dcerpc Length=254,172.16.1.134_172.16.1.135/dcerpc/Detect
2023-11-24 09:53:42.916524,172.16.1.135,172.16.1.134,smb2,150,172.16.1.135:445 -> 172.16.1.134:33957 smb2 Length=150,172.16.1.135_172.16.1.134/smb2/Detect
2023-11-24 09:53:42.925095,172.16.1.134,172.16.1.135,smb2,183,172.16.1.134:33957 -> 172.16.1.135:445 smb2 Length=183,172.16.1.134_172.16.1.135/smb2/Detect
2023-11-24 09:53:42.925109,172.16.1.135,172.16.1.134,dcerpc,218,172.16.1.135:445 -> 172.16.1.134:33957 dcerpc Length=218,172.16.1.135_172.16.1.134/dcerpc/Detect
2023-11-24 09:53:42.936281,172.16.1.134,172.16.1.135,dcerpc,286,172.16.1.134:33957 -> 172.16.1.135:445 dcerpc Length=286,172.16.1.134_172.16.1.135/dcerpc/Detect
2023-11-24 09:53:42.936653,172.16.1.135,172.16.1.134,smb2,150,172.16.1.135:445 -> 172.16.1.134:33957 smb2 Length=150,172.16.1.135_172.16.1.134/smb2/Detect
2023-11-24 09:53:42.945420,172.16.1.134,172.16.1.135,smb2,183,172.16.1.134:33957 -> 172.16.1.135:445 smb2 Length=183,172.16.1.134_172.16.1.135/smb2/Detect
2023-11-24 09:53:42.945621,172.16.1.135,172.16.1.134,dcerpc,474,172.16.1.135:445 -> 172.16.1.134:33957 dcerpc Length=474,172.16.1.135_172.16.1.134/dcerpc/Detect
2023-11-24 09:53:42.959493,172.16.1.134,172.16.1.135,tcp,66,172.16.1.134:33957 -> 172.16.1.135:445 tcp Length=66,172.16.1.134_172.16.1.135/tcp/Non-Detect
2023-11-24 09:53:42.959494,172.16.1.134,172.16.1.135,tcp,74,172.16.1.134:38503 -> 172.16.1.135:445 tcp Length=74,172.16.1.134_172.16.1.135/tcp/Non-Detect
2023-11-24 09:53:42.959494,172.16.1.135,172.16.1.134,tcp,74,172.16.1.135:445 -> 172.16.1.134:38503 tcp Length=74,172.16.1.135_172.16.1.134/tcp/Non-Detect
2023-11-24 09:53:42.959494,172.16.1.134,172.16.1.135,tcp,66,172.16.1.134:38503 -> 172.16.1.135:445 tcp Length=66,172.16.1.134_172.16.1.135/tcp/Non-Detect
2023-11-24 09:53:42.959495,172.16.1.135,172.16.1.134,tcp,66,172.16.1.135:445 -> 172.16.1.134:33957 tcp Length=66,172.16.1.135_172.16.1.134/tcp/Non-Detect
2023-11-24 09:53:42.959495,172.16.1.134,172.16.1.135,smb,154,172.16.1.134:38503 -> 172.16.1.135:445 smb Length=154,172.16.1.134_172.16.1.135/smb/Detect
2023-11-24 09:53:42.959496,172.16.1.135,172.16.1.134,tcp,66,172.16.1.135:445 -> 172.16.1.134:38503 tcp Length=66,172.16.1.135_172.16.1.134/tcp/Non-Detect
2023-11-24 09:53:42.959496,172.16.1.134,172.16.1.135,tcp,66,172.16.1.134:33957 -> 172.16.1.135:445 tcp Length=66,172.16.1.134_172.16.1.135/tcp/Non-Detect
2023-11-24 09:53:42.961480,172.16.1.135,172.16.1.134,spnego,229,172.16.1.135:445 -> 172.16.1.134:38503 spnego Length=229,172.16.1.135_172.16.1.134/spnego/Detect
2023-11-24 09:53:42.964791,172.16.1.134,172.16.1.135,tcp,66,172.16.1.134:38503 -> 172.16.1.135:445 tcp Length=66,172.16.1.134_172.16.1.135/tcp/Non-Detect
2023-11-24 09:53:42.964792,172.16.1.134,172.16.1.135,ntlmssp,213,172.16.1.134:38503 -> 172.16.1.135:445 ntlmssp Length=213,172.16.1.134_172.16.1.135/ntlmssp/Detect
2023-11-24 09:53:42.965238,172.16.1.135,172.16.1.134,ntlmssp,256,172.16.1.135:445 -> 172.16.1.134:38503 ntlmssp Length=256,172.16.1.135_172.16.1.134/ntlmssp/Detect
2023-11-24 09:53:42.968412,172.16.1.134,172.16.1.135,ntlmssp,378,172.16.1.134:38503 -> 172.16.1.135:445 ntlmssp Length=378,172.16.1.134_172.16.1.135/ntlmssp/Detect
2023-11-24 09:53:42.969052,172.16.1.135,172.16.1.134,smb,148,172.16.1.135:445 -> 172.16.1.134:38503 smb Length=148,172.16.1.135_172.16.1.134/smb/Detect
2023-11-24 09:53:42.970835,172.16.1.134,172.16.1.135,smb,140,172.16.1.134:38503 -> 172.16.1.135:445 smb Length=140,172.16.1.134_172.16.1.135/smb/Detect
2023-11-24 09:53:42.971221,172.16.1.135,172.16.1.134,smb,116,172.16.1.135:445 -> 172.16.1.134:38503 smb Length=116,172.16.1.135_172.16.1.134/smb/Detect
2023-11-24 09:53:42.972924,172.16.1.134,172.16.1.135,smb,142,172.16.1.134:38503 -> 172.16.1.135:445 smb Length=142,172.16.1.134_172.16.1.135/smb/Detect
2023-11-24 09:53:42.973095,172.16.1.135,172.16.1.134,smb,105,172.16.1.135:445 -> 172.16.1.134:38503 smb Length=105,172.16.1.135_172.16.1.134/smb/Detect
2023-11-24 09:53:42.975558,172.16.1.134,172.16.1.135,tcp,66,172.16.1.134:38503 -> 172.16.1.135:445 tcp Length=66,172.16.1.134_172.16.1.135/tcp/Non-Detect
2023-11-24 09:53:42.975561,172.16.1.134,172.16.1.135,tcp,74,172.16.1.134:36479 -> 172.16.1.135:445 tcp Length=74,172.16.1.134_172.16.1.135/tcp/Non-Detect
2023-11-24 09:53:42.976017,172.16.1.135,172.16.1.134,tcp,74,172.16.1.135:445 -> 172.16.1.134:36479 tcp Length=74,172.16.1.135_172.16.1.134/tcp/Non-Detect
2023-11-24 09:53:42.976017,172.16.1.134,172.16.1.135,tcp,66,172.16.1.134:36479 -> 172.16.1.135:445 tcp Length=66,172.16.1.134_172.16.1.135/tcp/Non-Detect
2023-11-24 09:53:42.981495,172.16.1.135,172.16.1.134,tcp,66,172.16.1.135:445 -> 172.16.1.134:38503 tcp Length=66,172.16.1.135_172.16.1.134/tcp/Non-Detect
2023-11-24 09:53:42.981496,172.16.1.134,172.16.1.135,tcp,66,172.16.1.134:38503 -> 172.16.1.135:445 tcp Length=66,172.16.1.134_172.16.1.135/tcp/Non-Detect
2023-11-24 09:53:42.982333,172.16.1.134,172.16.1.135,smb,139,172.16.1.134:36479 -> 172.16.1.135:445 smb Length=139,172.16.1.134_172.16.1.135/smb/Detect
2023-11-24 09:53:42.982334,172.16.1.135,172.16.1.134,tcp,66,172.16.1.135:445 -> 172.16.1.134:36479 tcp Length=66,172.16.1.135_172.16.1.134/tcp/Non-Detect
2023-11-24 09:53:42.984125,172.16.1.135,172.16.1.134,spnego,272,172.16.1.135:445 -> 172.16.1.134:36479 spnego Length=272,172.16.1.135_172.16.1.134/spnego/Detect
2023-11-24 09:53:42.984512,172.16.1.134,172.16.1.135,tcp,66,172.16.1.134:36479 -> 172.16.1.135:445 tcp Length=66,172.16.1.134_172.16.1.135/tcp/Non-Detect
2023-11-24 09:53:42.998521,172.16.1.134,172.16.1.135,smb2,278,172.16.1.134:36479 -> 172.16.1.135:445 smb2 Length=278,172.16.1.134_172.16.1.135/smb2/Detect
2023-11-24 09:53:42.998923,172.16.1.135,172.16.1.134,spnego,272,172.16.1.135:445 -> 172.16.1.134:36479 spnego Length=272,172.16.1.135_172.16.1.134/spnego/Detect
2023-11-24 09:53:43.005642,172.16.1.134,172.16.1.135,ntlmssp,236,172.16.1.134:36479 -> 172.16.1.135:445 ntlmssp Length=236,172.16.1.134_172.16.1.135/ntlmssp/Detect
2023-11-24 09:53:43.006077,172.16.1.135,172.16.1.134,ntlmssp,279,172.16.1.135:445 -> 172.16.1.134:36479 ntlmssp Length=279,172.16.1.135_172.16.1.134/ntlmssp/Detect
2023-11-24 09:53:43.018930,172.16.1.134,172.16.1.135,ntlmssp,272,172.16.1.134:36479 -> 172.16.1.135:445 ntlmssp Length=272,172.16.1.134_172.16.1.135/ntlmssp/Detect
2023-11-24 09:53:43.019886,172.16.1.135,172.16.1.134,spnego,151,172.16.1.135:445 -> 172.16.1.134:36479 spnego Length=151,172.16.1.135_172.16.1.134/spnego/Detect
2023-11-24 09:53:43.032441,172.16.1.134,172.16.1.135,smb2,180,172.16.1.134:36479 -> 172.16.1.135:445 smb2 Length=180,172.16.1.134_172.16.1.135/smb2/Detect
2023-11-24 09:53:43.032946,172.16.1.135,172.16.1.134,smb2,150,172.16.1.135:445 -> 172.16.1.134:36479 smb2 Length=150,172.16.1.135_172.16.1.134/smb2/Detect
2023-11-24 09:53:43.045347,172.16.1.134,172.16.1.135,tcp,66,172.16.1.134:36479 -> 172.16.1.135:445 tcp Length=66,172.16.1.134_172.16.1.135/tcp/Non-Detect
2023-11-24 09:53:43.045347,172.16.1.134,172.16.1.135,tcp,74,172.16.1.134:46413 -> 172.16.1.135:445 tcp Length=74,172.16.1.134_172.16.1.135/tcp/Non-Detect
2023-11-24 09:53:43.045372,172.16.1.135,172.16.1.134,tcp,74,172.16.1.135:445 -> 172.16.1.134:46413 tcp Length=74,172.16.1.135_172.16.1.134/tcp/Non-Detect
2023-11-24 09:53:43.048134,172.16.1.134,172.16.1.135,tcp,66,172.16.1.134:46413 -> 172.16.1.135:445 tcp Length=66,172.16.1.134_172.16.1.135/tcp/Non-Detect
2023-11-24 09:53:43.048135,172.16.1.135,172.16.1.134,tcp,66,172.16.1.135:445 -> 172.16.1.134:36479 tcp Length=66,172.16.1.135_172.16.1.134/tcp/Non-Detect
2023-11-24 09:53:43.049558,172.16.1.134,172.16.1.135,tcp,66,172.16.1.134:36479 -> 172.16.1.135:445 tcp Length=66,172.16.1.134_172.16.1.135/tcp/Non-Detect
2023-11-24 09:53:43.049559,172.16.1.134,172.16.1.135,smb,154,172.16.1.134:46413 -> 172.16.1.135:445 smb Length=154,172.16.1.134_172.16.1.135/smb/Detect
2023-11-24 09:53:43.049559,172.16.1.135,172.16.1.134,tcp,66,172.16.1.135:445 -> 172.16.1.134:46413 tcp Length=66,172.16.1.135_172.16.1.134/tcp/Non-Detect
2023-11-24 09:53:43.051723,172.16.1.135,172.16.1.134,spnego,229,172.16.1.135:445 -> 172.16.1.134:46413 spnego Length=229,172.16.1.135_172.16.1.134/spnego/Detect
2023-11-24 09:53:43.054365,172.16.1.134,172.16.1.135,tcp,66,172.16.1.134:46413 -> 172.16.1.135:445 tcp Length=66,172.16.1.134_172.16.1.135/tcp/Non-Detect
2023-11-24 09:53:43.054367,172.16.1.134,172.16.1.135,ntlmssp,213,172.16.1.134:46413 -> 172.16.1.135:445 ntlmssp Length=213,172.16.1.134_172.16.1.135/ntlmssp/Detect
2023-11-24 09:53:43.054798,172.16.1.135,172.16.1.134,ntlmssp,256,172.16.1.135:445 -> 172.16.1.134:46413 ntlmssp Length=256,172.16.1.135_172.16.1.134/ntlmssp/Detect
2023-11-24 09:53:43.057763,172.16.1.134,172.16.1.135,ntlmssp,378,172.16.1.134:46413 -> 172.16.1.135:445 ntlmssp Length=378,172.16.1.134_172.16.1.135/ntlmssp/Detect
2023-11-24 09:53:43.058432,172.16.1.135,172.16.1.134,smb,148,172.16.1.135:445 -> 172.16.1.134:46413 smb Length=148,172.16.1.135_172.16.1.134/smb/Detect
2023-11-24 09:53:43.061446,172.16.1.134,172.16.1.135,smb,140,172.16.1.134:46413 -> 172.16.1.135:445 smb Length=140,172.16.1.134_172.16.1.135/smb/Detect
2023-11-24 09:53:43.061909,172.16.1.135,172.16.1.134,smb,116,172.16.1.135:445 -> 172.16.1.134:46413 smb Length=116,172.16.1.135_172.16.1.134/smb/Detect
2023-11-24 09:53:43.064382,172.16.1.134,172.16.1.135,smb,140,172.16.1.134:46413 -> 172.16.1.135:445 smb Length=140,172.16.1.134_172.16.1.135/smb/Detect
2023-11-24 09:53:43.064706,172.16.1.135,172.16.1.134,smb,119,172.16.1.135:445 -> 172.16.1.134:46413 smb Length=119,172.16.1.135_172.16.1.134/smb/Detect
2023-11-24 09:53:43.066801,172.16.1.134,172.16.1.135,smb,150,172.16.1.134:46413 -> 172.16.1.135:445 smb Length=150,172.16.1.134_172.16.1.135/smb/Detect
2023-11-24 09:53:43.067512,172.16.1.135,172.16.1.134,smb,334,172.16.1.135:445 -> 172.16.1.134:46413 smb Length=334,172.16.1.135_172.16.1.134/smb/Detect
2023-11-24 09:53:43.070710,172.16.1.134,172.16.1.135,smb,105,172.16.1.134:46413 -> 172.16.1.135:445 smb Length=105,172.16.1.134_172.16.1.135/smb/Detect
2023-11-24 09:53:43.070818,172.16.1.135,172.16.1.134,smb,105,172.16.1.135:445 -> 172.16.1.134:46413 smb Length=105,172.16.1.135_172.16.1.134/smb/Detect
2023-11-24 09:53:43.072487,172.16.1.134,172.16.1.135,tcp,66,172.16.1.134:46413 -> 172.16.1.135:445 tcp Length=66,172.16.1.134_172.16.1.135/tcp/Non-Detect
2023-11-24 09:53:43.073992,172.16.1.134,172.16.1.135,tcp,74,172.16.1.134:41513 -> 172.16.1.135:445 tcp Length=74,172.16.1.134_172.16.1.135/tcp/Non-Detect
2023-11-24 09:53:43.075847,172.16.1.135,172.16.1.134,tcp,74,172.16.1.135:445 -> 172.16.1.134:41513 tcp Length=74,172.16.1.135_172.16.1.134/tcp/Non-Detect
2023-11-24 09:53:43.075850,172.16.1.134,172.16.1.135,tcp,66,172.16.1.134:41513 -> 172.16.1.135:445 tcp Length=66,172.16.1.134_172.16.1.135/tcp/Non-Detect
2023-11-24 09:53:43.079041,172.16.1.135,172.16.1.134,tcp,66,172.16.1.135:445 -> 172.16.1.134:46413 tcp Length=66,172.16.1.135_172.16.1.134/tcp/Non-Detect
2023-11-24 09:53:43.079043,172.16.1.134,172.16.1.135,tcp,66,172.16.1.134:46413 -> 172.16.1.135:445 tcp Length=66,172.16.1.134_172.16.1.135/tcp/Non-Detect
2023-11-24 09:53:43.081026,172.16.1.134,172.16.1.135,smb,139,172.16.1.134:41513 -> 172.16.1.135:445 smb Length=139,172.16.1.134_172.16.1.135/smb/Detect
2023-11-24 09:53:43.081028,172.16.1.135,172.16.1.134,tcp,66,172.16.1.135:445 -> 172.16.1.134:41513 tcp Length=66,172.16.1.135_172.16.1.134/tcp/Non-Detect
2023-11-24 09:53:43.084337,172.16.1.135,172.16.1.134,spnego,272,172.16.1.135:445 -> 172.16.1.134:41513 spnego Length=272,172.16.1.135_172.16.1.134/spnego/Detect
2023-11-24 09:53:43.084364,172.16.1.134,172.16.1.135,tcp,66,172.16.1.134:41513 -> 172.16.1.135:445 tcp Length=66,172.16.1.134_172.16.1.135/tcp/Non-Detect
2023-11-24 09:53:43.108035,172.16.1.134,172.16.1.135,smb2,278,172.16.1.134:41513 -> 172.16.1.135:445 smb2 Length=278,172.16.1.134_172.16.1.135/smb2/Detect
2023-11-24 09:53:43.108455,172.16.1.135,172.16.1.134,spnego,272,172.16.1.135:445 -> 172.16.1.134:41513 spnego Length=272,172.16.1.135_172.16.1.134/spnego/Detect
2023-11-24 09:53:43.120760,172.16.1.134,172.16.1.135,ntlmssp,236,172.16.1.134:41513 -> 172.16.1.135:445 ntlmssp Length=236,172.16.1.134_172.16.1.135/ntlmssp/Detect
2023-11-24 09:53:43.121532,172.16.1.135,172.16.1.134,ntlmssp,279,172.16.1.135:445 -> 172.16.1.134:41513 ntlmssp Length=279,172.16.1.135_172.16.1.134/ntlmssp/Detect
2023-11-24 09:53:43.137245,172.16.1.134,172.16.1.135,ntlmssp,272,172.16.1.134:41513 -> 172.16.1.135:445 ntlmssp Length=272,172.16.1.134_172.16.1.135/ntlmssp/Detect
2023-11-24 09:53:43.137942,172.16.1.135,172.16.1.134,spnego,151,172.16.1.135:445 -> 172.16.1.134:41513 spnego Length=151,172.16.1.135_172.16.1.134/spnego/Detect
2023-11-24 09:53:43.147423,172.16.1.134,172.16.1.135,smb2,180,172.16.1.134:41513 -> 172.16.1.135:445 smb2 Length=180,172.16.1.134_172.16.1.135/smb2/Detect
2023-11-24 09:53:43.147937,172.16.1.135,172.16.1.134,smb2,150,172.16.1.135:445 -> 172.16.1.134:41513 smb2 Length=150,172.16.1.135_172.16.1.134/smb2/Detect
2023-11-24 09:53:43.157155,172.16.1.134,172.16.1.135,smb2,180,172.16.1.134:41513 -> 172.16.1.135:445 smb2 Length=180,172.16.1.134_172.16.1.135/smb2/Detect
2023-11-24 09:53:43.157543,172.16.1.135,172.16.1.134,smb2,150,172.16.1.135:445 -> 172.16.1.134:41513 smb2 Length=150,172.16.1.135_172.16.1.134/smb2/Detect
2023-11-24 09:53:43.167910,172.16.1.134,172.16.1.135,smb2,214,172.16.1.134:41513 -> 172.16.1.135:445 smb2 Length=214,172.16.1.134_172.16.1.135/smb2/Detect
2023-11-24 09:53:43.169062,172.16.1.135,172.16.1.134,smb2,222,172.16.1.135:445 -> 172.16.1.134:41513 smb2 Length=222,172.16.1.135_172.16.1.134/smb2/Detect
2023-11-24 09:53:43.178724,172.16.1.134,172.16.1.135,data,190,172.16.1.134:41513 -> 172.16.1.135:445 data Length=190,172.16.1.134_172.16.1.135/data/Detect
2023-11-24 09:53:43.179191,172.16.1.135,172.16.1.134,smb2,150,172.16.1.135:445 -> 172.16.1.134:41513 smb2 Length=150,172.16.1.135_172.16.1.134/smb2/Detect
2023-11-24 09:53:43.187517,172.16.1.134,172.16.1.135,smb2,158,172.16.1.134:41513 -> 172.16.1.135:445 smb2 Length=158,172.16.1.134_172.16.1.135/smb2/Detect
2023-11-24 09:53:43.188053,172.16.1.135,172.16.1.134,smb2,194,172.16.1.135:445 -> 172.16.1.134:41513 smb2 Length=194,172.16.1.135_172.16.1.134/smb2/Detect
2023-11-24 09:53:43.199798,172.16.1.134,172.16.1.135,smb2,214,172.16.1.134:41513 -> 172.16.1.135:445 smb2 Length=214,172.16.1.134_172.16.1.135/smb2/Detect
2023-11-24 09:53:43.200357,172.16.1.135,172.16.1.134,smb2,222,172.16.1.135:445 -> 172.16.1.134:41513 smb2 Length=222,172.16.1.135_172.16.1.134/smb2/Detect
2023-11-24 09:53:43.209017,172.16.1.134,172.16.1.135,smb2,167,172.16.1.134:41513 -> 172.16.1.135:445 smb2 Length=167,172.16.1.134_172.16.1.135/smb2/Detect
2023-11-24 09:53:43.209438,172.16.1.135,172.16.1.134,smb2,136,172.16.1.135:445 -> 172.16.1.134:41513 smb2 Length=136,172.16.1.135_172.16.1.134/smb2/Detect
2023-11-24 09:53:43.219744,172.16.1.134,172.16.1.135,smb2,158,172.16.1.134:41513 -> 172.16.1.135:445 smb2 Length=158,172.16.1.134_172.16.1.135/smb2/Detect
2023-11-24 09:53:43.220175,172.16.1.135,172.16.1.134,smb2,194,172.16.1.135:445 -> 172.16.1.134:41513 smb2 Length=194,172.16.1.135_172.16.1.134/smb2/Detect
2023-11-24 09:53:43.236135,172.16.1.134,172.16.1.135,smb2,138,172.16.1.134:41513 -> 172.16.1.135:445 smb2 Length=138,172.16.1.134_172.16.1.135/smb2/Detect
2023-11-24 09:53:43.236545,172.16.1.135,172.16.1.134,smb2,138,172.16.1.135:445 -> 172.16.1.134:41513 smb2 Length=138,172.16.1.135_172.16.1.134/smb2/Detect
2023-11-24 09:53:43.251880,172.16.1.134,172.16.1.135,smb2,180,172.16.1.134:41513 -> 172.16.1.135:445 smb2 Length=180,172.16.1.134_172.16.1.135/smb2/Detect
2023-11-24 09:53:43.252440,172.16.1.135,172.16.1.134,smb2,150,172.16.1.135:445 -> 172.16.1.134:41513 smb2 Length=150,172.16.1.135_172.16.1.134/smb2/Detect
2023-11-24 09:53:43.265615,172.16.1.134,172.16.1.135,smb2,206,172.16.1.134:41513 -> 172.16.1.135:445 smb2 Length=206,172.16.1.134_172.16.1.135/smb2/Detect
2023-11-24 09:53:43.265616,172.16.1.135,172.16.1.134,smb2,222,172.16.1.135:445 -> 172.16.1.134:41513 smb2 Length=222,172.16.1.135_172.16.1.134/smb2/Detect
2023-11-24 09:53:43.284468,172.16.1.134,172.16.1.135,dcerpc,254,172.16.1.134:41513 -> 172.16.1.135:445 dcerpc Length=254,172.16.1.134_172.16.1.135/dcerpc/Detect
2023-11-24 09:53:43.284685,172.16.1.135,172.16.1.134,smb2,150,172.16.1.135:445 -> 172.16.1.134:41513 smb2 Length=150,172.16.1.135_172.16.1.134/smb2/Detect
2023-11-24 09:53:43.297315,172.16.1.134,172.16.1.135,smb2,183,172.16.1.134:41513 -> 172.16.1.135:445 smb2 Length=183,172.16.1.134_172.16.1.135/smb2/Detect
2023-11-24 09:53:43.297533,172.16.1.135,172.16.1.134,dcerpc,218,172.16.1.135:445 -> 172.16.1.134:41513 dcerpc Length=218,172.16.1.135_172.16.1.134/dcerpc/Detect
2023-11-24 09:53:43.308830,172.16.1.134,172.16.1.135,dcerpc,282,172.16.1.134:41513 -> 172.16.1.135:445 dcerpc Length=282,172.16.1.134_172.16.1.135/dcerpc/Detect
2023-11-24 09:53:43.309350,172.16.1.135,172.16.1.134,smb2,150,172.16.1.135:445 -> 172.16.1.134:41513 smb2 Length=150,172.16.1.135_172.16.1.134/smb2/Detect
2023-11-24 09:53:43.321731,172.16.1.134,172.16.1.135,smb2,183,172.16.1.134:41513 -> 172.16.1.135:445 smb2 Length=183,172.16.1.134_172.16.1.135/smb2/Detect
2023-11-24 09:53:43.321964,172.16.1.135,172.16.1.134,dcerpc,338,172.16.1.135:445 -> 172.16.1.134:41513 dcerpc Length=338,172.16.1.135_172.16.1.134/dcerpc/Detect
2023-11-24 09:53:43.339348,172.16.1.134,172.16.1.135,tcp,66,172.16.1.134:41513 -> 172.16.1.135:445 tcp Length=66,172.16.1.134_172.16.1.135/tcp/Non-Detect
2023-11-24 09:53:43.339350,172.16.1.134,172.16.1.135,tcp,74,172.16.1.134:43711 -> 172.16.1.135:445 tcp Length=74,172.16.1.134_172.16.1.135/tcp/Non-Detect
2023-11-24 09:53:43.339375,172.16.1.135,172.16.1.134,tcp,74,172.16.1.135:445 -> 172.16.1.134:43711 tcp Length=74,172.16.1.135_172.16.1.134/tcp/Non-Detect
2023-11-24 09:53:43.342813,172.16.1.134,172.16.1.135,tcp,66,172.16.1.134:43711 -> 172.16.1.135:445 tcp Length=66,172.16.1.134_172.16.1.135/tcp/Non-Detect
2023-11-24 09:53:43.342814,172.16.1.135,172.16.1.134,tcp,66,172.16.1.135:445 -> 172.16.1.134:41513 tcp Length=66,172.16.1.135_172.16.1.134/tcp/Non-Detect
2023-11-24 09:53:43.343253,172.16.1.134,172.16.1.135,tcp,66,172.16.1.134:41513 -> 172.16.1.135:445 tcp Length=66,172.16.1.134_172.16.1.135/tcp/Non-Detect
2023-11-24 09:53:43.345386,172.16.1.134,172.16.1.135,smb,139,172.16.1.134:43711 -> 172.16.1.135:445 smb Length=139,172.16.1.134_172.16.1.135/smb/Detect
2023-11-24 09:53:43.345387,172.16.1.135,172.16.1.134,tcp,66,172.16.1.135:445 -> 172.16.1.134:43711 tcp Length=66,172.16.1.135_172.16.1.134/tcp/Non-Detect
2023-11-24 09:53:43.347661,172.16.1.135,172.16.1.134,spnego,272,172.16.1.135:445 -> 172.16.1.134:43711 spnego Length=272,172.16.1.135_172.16.1.134/spnego/Detect
2023-11-24 09:53:43.347662,172.16.1.134,172.16.1.135,tcp,66,172.16.1.134:43711 -> 172.16.1.135:445 tcp Length=66,172.16.1.134_172.16.1.135/tcp/Non-Detect
2023-11-24 09:53:43.364325,172.16.1.134,172.16.1.135,smb2,278,172.16.1.134:43711 -> 172.16.1.135:445 smb2 Length=278,172.16.1.134_172.16.1.135/smb2/Detect
2023-11-24 09:53:43.364770,172.16.1.135,172.16.1.134,spnego,272,172.16.1.135:445 -> 172.16.1.134:43711 spnego Length=272,172.16.1.135_172.16.1.134/spnego/Detect
2023-11-24 09:53:43.374793,172.16.1.134,172.16.1.135,ntlmssp,236,172.16.1.134:43711 -> 172.16.1.135:445 ntlmssp Length=236,172.16.1.134_172.16.1.135/ntlmssp/Detect
2023-11-24 09:53:43.375358,172.16.1.135,172.16.1.134,ntlmssp,279,172.16.1.135:445 -> 172.16.1.134:43711 ntlmssp Length=279,172.16.1.135_172.16.1.134/ntlmssp/Detect
2023-11-24 09:53:43.385564,172.16.1.134,172.16.1.135,ntlmssp,272,172.16.1.134:43711 -> 172.16.1.135:445 ntlmssp Length=272,172.16.1.134_172.16.1.135/ntlmssp/Detect
2023-11-24 09:53:43.386401,172.16.1.135,172.16.1.134,spnego,151,172.16.1.135:445 -> 172.16.1.134:43711 spnego Length=151,172.16.1.135_172.16.1.134/spnego/Detect
2023-11-24 09:53:43.396492,172.16.1.134,172.16.1.135,smb2,180,172.16.1.134:43711 -> 172.16.1.135:445 smb2 Length=180,172.16.1.134_172.16.1.135/smb2/Detect
2023-11-24 09:53:43.397420,172.16.1.135,172.16.1.134,smb2,150,172.16.1.135:445 -> 172.16.1.134:43711 smb2 Length=150,172.16.1.135_172.16.1.134/smb2/Detect
2023-11-24 09:53:43.409340,172.16.1.134,172.16.1.135,smb2,180,172.16.1.134:43711 -> 172.16.1.135:445 smb2 Length=180,172.16.1.134_172.16.1.135/smb2/Detect
2023-11-24 09:53:43.409809,172.16.1.135,172.16.1.134,smb2,150,172.16.1.135:445 -> 172.16.1.134:43711 smb2 Length=150,172.16.1.135_172.16.1.134/smb2/Detect
2023-11-24 09:53:43.422372,172.16.1.134,172.16.1.135,smb2,214,172.16.1.134:43711 -> 172.16.1.135:445 smb2 Length=214,172.16.1.134_172.16.1.135/smb2/Detect
2023-11-24 09:53:43.423505,172.16.1.135,172.16.1.134,smb2,222,172.16.1.135:445 -> 172.16.1.134:43711 smb2 Length=222,172.16.1.135_172.16.1.134/smb2/Detect
2023-11-24 09:53:43.434122,172.16.1.134,172.16.1.135,tcp,1514,172.16.1.134:43711 -> 172.16.1.135:445 tcp Length=1514,172.16.1.134_172.16.1.135/tcp/Detect
2023-11-24 09:53:43.434126,172.16.1.134,172.16.1.135,tcp,1514,172.16.1.134:43711 -> 172.16.1.135:445 tcp Length=1514,172.16.1.134_172.16.1.135/tcp/Detect
2023-11-24 09:53:43.434127,172.16.1.134,172.16.1.135,tcp,1514,172.16.1.134:43711 -> 172.16.1.135:445 tcp Length=1514,172.16.1.134_172.16.1.135/tcp/Detect
2023-11-24 09:53:43.434128,172.16.1.134,172.16.1.135,tcp,1514,172.16.1.134:43711 -> 172.16.1.135:445 tcp Length=1514,172.16.1.134_172.16.1.135/tcp/Detect
2023-11-24 09:53:43.434128,172.16.1.134,172.16.1.135,tcp,1514,172.16.1.134:43711 -> 172.16.1.135:445 tcp Length=1514,172.16.1.134_172.16.1.135/tcp/Detect
2023-11-24 09:53:43.434129,172.16.1.134,172.16.1.135,tcp,1514,172.16.1.134:43711 -> 172.16.1.135:445 tcp Length=1514,172.16.1.134_172.16.1.135/tcp/Detect
2023-11-24 09:53:43.434130,172.16.1.134,172.16.1.135,tcp,1514,172.16.1.134:43711 -> 172.16.1.135:445 tcp Length=1514,172.16.1.134_172.16.1.135/tcp/Detect
2023-11-24 09:53:43.434130,172.16.1.134,172.16.1.135,tcp,1514,172.16.1.134:43711 -> 172.16.1.135:445 tcp Length=1514,172.16.1.134_172.16.1.135/tcp/Detect
2023-11-24 09:53:43.434131,172.16.1.134,172.16.1.135,tcp,1514,172.16.1.134:43711 -> 172.16.1.135:445 tcp Length=1514,172.16.1.134_172.16.1.135/tcp/Detect
2023-11-24 09:53:43.434131,172.16.1.134,172.16.1.135,tcp,1514,172.16.1.134:43711 -> 172.16.1.135:445 tcp Length=1514,172.16.1.134_172.16.1.135/tcp/Detect
2023-11-24 09:53:43.434167,172.16.1.135,172.16.1.134,tcp,66,172.16.1.135:445 -> 172.16.1.134:43711 tcp Length=66,172.16.1.135_172.16.1.134/tcp/Non-Detect
2023-11-24 09:53:43.434167,172.16.1.135,172.16.1.134,tcp,66,172.16.1.135:445 -> 172.16.1.134:43711 tcp Length=66,172.16.1.135_172.16.1.134/tcp/Non-Detect
2023-11-24 09:53:43.434167,172.16.1.134,172.16.1.135,tcp,1514,172.16.1.134:43711 -> 172.16.1.135:445 tcp Length=1514,172.16.1.134_172.16.1.135/tcp/Detect
2023-11-24 09:53:43.434168,172.16.1.134,172.16.1.135,tcp,1514,172.16.1.134:43711 -> 172.16.1.135:445 tcp Length=1514,172.16.1.134_172.16.1.135/tcp/Detect
2023-11-24 09:53:43.434169,172.16.1.134,172.16.1.135,data,1230,172.16.1.134:43711 -> 172.16.1.135:445 data Length=1230,172.16.1.134_172.16.1.135/data/Detect
2023-11-24 09:53:43.434170,172.16.1.135,172.16.1.134,tcp,66,172.16.1.135:445 -> 172.16.1.134:43711 tcp Length=66,172.16.1.135_172.16.1.134/tcp/Non-Detect
2023-11-24 09:53:43.434993,172.16.1.135,172.16.1.134,smb2,150,172.16.1.135:445 -> 172.16.1.134:43711 smb2 Length=150,172.16.1.135_172.16.1.134/smb2/Detect
2023-11-24 09:53:43.446267,172.16.1.134,172.16.1.135,smb2,158,172.16.1.134:43711 -> 172.16.1.135:445 smb2 Length=158,172.16.1.134_172.16.1.135/smb2/Detect
2023-11-24 09:53:43.446847,172.16.1.135,172.16.1.134,smb2,194,172.16.1.135:445 -> 172.16.1.134:43711 smb2 Length=194,172.16.1.135_172.16.1.134/smb2/Detect
2023-11-24 09:53:43.461157,172.16.1.134,172.16.1.135,smb2,138,172.16.1.134:43711 -> 172.16.1.135:445 smb2 Length=138,172.16.1.134_172.16.1.135/smb2/Detect
2023-11-24 09:53:43.461460,172.16.1.135,172.16.1.134,smb2,138,172.16.1.135:445 -> 172.16.1.134:43711 smb2 Length=138,172.16.1.135_172.16.1.134/smb2/Detect
2023-11-24 09:53:43.470844,172.16.1.134,172.16.1.135,tcp,66,172.16.1.134:43711 -> 172.16.1.135:445 tcp Length=66,172.16.1.134_172.16.1.135/tcp/Non-Detect
2023-11-24 09:53:43.473796,172.16.1.134,172.16.1.135,tcp,74,172.16.1.134:45409 -> 172.16.1.135:445 tcp Length=74,172.16.1.134_172.16.1.135/tcp/Non-Detect
2023-11-24 09:53:43.473797,172.16.1.135,172.16.1.134,tcp,74,172.16.1.135:445 -> 172.16.1.134:45409 tcp Length=74,172.16.1.135_172.16.1.134/tcp/Non-Detect
2023-11-24 09:53:43.475860,172.16.1.134,172.16.1.135,tcp,66,172.16.1.134:45409 -> 172.16.1.135:445 tcp Length=66,172.16.1.134_172.16.1.135/tcp/Non-Detect
2023-11-24 09:53:43.476277,172.16.1.135,172.16.1.134,tcp,66,172.16.1.135:445 -> 172.16.1.134:43711 tcp Length=66,172.16.1.135_172.16.1.134/tcp/Non-Detect
2023-11-24 09:53:43.478313,172.16.1.134,172.16.1.135,tcp,66,172.16.1.134:43711 -> 172.16.1.135:445 tcp Length=66,172.16.1.134_172.16.1.135/tcp/Non-Detect
2023-11-24 09:53:43.480113,172.16.1.134,172.16.1.135,smb,139,172.16.1.134:45409 -> 172.16.1.135:445 smb Length=139,172.16.1.134_172.16.1.135/smb/Detect
2023-11-24 09:53:43.480114,172.16.1.135,172.16.1.134,tcp,66,172.16.1.135:445 -> 172.16.1.134:45409 tcp Length=66,172.16.1.135_172.16.1.134/tcp/Non-Detect
2023-11-24 09:53:43.481910,172.16.1.135,172.16.1.134,spnego,272,172.16.1.135:445 -> 172.16.1.134:45409 spnego Length=272,172.16.1.135_172.16.1.134/spnego/Detect
2023-11-24 09:53:43.481911,172.16.1.134,172.16.1.135,tcp,66,172.16.1.134:45409 -> 172.16.1.135:445 tcp Length=66,172.16.1.134_172.16.1.135/tcp/Non-Detect
2023-11-24 09:53:43.504143,172.16.1.134,172.16.1.135,smb2,278,172.16.1.134:45409 -> 172.16.1.135:445 smb2 Length=278,172.16.1.134_172.16.1.135/smb2/Detect
2023-11-24 09:53:43.504408,172.16.1.135,172.16.1.134,spnego,272,172.16.1.135:445 -> 172.16.1.134:45409 spnego Length=272,172.16.1.135_172.16.1.134/spnego/Detect
2023-11-24 09:53:43.514884,172.16.1.134,172.16.1.135,ntlmssp,236,172.16.1.134:45409 -> 172.16.1.135:445 ntlmssp Length=236,172.16.1.134_172.16.1.135/ntlmssp/Detect
2023-11-24 09:53:43.515452,172.16.1.135,172.16.1.134,ntlmssp,279,172.16.1.135:445 -> 172.16.1.134:45409 ntlmssp Length=279,172.16.1.135_172.16.1.134/ntlmssp/Detect
2023-11-24 09:53:43.528538,172.16.1.134,172.16.1.135,ntlmssp,272,172.16.1.134:45409 -> 172.16.1.135:445 ntlmssp Length=272,172.16.1.134_172.16.1.135/ntlmssp/Detect
2023-11-24 09:53:43.529303,172.16.1.135,172.16.1.134,spnego,151,172.16.1.135:445 -> 172.16.1.134:45409 spnego Length=151,172.16.1.135_172.16.1.134/spnego/Detect
2023-11-24 09:53:43.539965,172.16.1.134,172.16.1.135,smb2,180,172.16.1.134:45409 -> 172.16.1.135:445 smb2 Length=180,172.16.1.134_172.16.1.135/smb2/Detect
2023-11-24 09:53:43.540573,172.16.1.135,172.16.1.134,smb2,150,172.16.1.135:445 -> 172.16.1.134:45409 smb2 Length=150,172.16.1.135_172.16.1.134/smb2/Detect
2023-11-24 09:53:43.553019,172.16.1.134,172.16.1.135,smb2,262,172.16.1.134:45409 -> 172.16.1.135:445 smb2 Length=262,172.16.1.134_172.16.1.135/smb2/Detect
2023-11-24 09:53:43.553664,172.16.1.135,172.16.1.134,smb2,143,172.16.1.135:445 -> 172.16.1.134:45409 smb2 Length=143,172.16.1.135_172.16.1.134/smb2/Detect
2023-11-24 09:53:43.568515,172.16.1.134,172.16.1.135,tcp,66,172.16.1.134:45409 -> 172.16.1.135:445 tcp Length=66,172.16.1.134_172.16.1.135/tcp/Non-Detect
2023-11-24 09:53:43.571488,172.16.1.134,172.16.1.135,tcp,74,172.16.1.134:46379 -> 172.16.1.135:445 tcp Length=74,172.16.1.134_172.16.1.135/tcp/Non-Detect
2023-11-24 09:53:43.572428,172.16.1.135,172.16.1.134,tcp,74,172.16.1.135:445 -> 172.16.1.134:46379 tcp Length=74,172.16.1.135_172.16.1.134/tcp/Non-Detect
2023-11-24 09:53:43.572429,172.16.1.134,172.16.1.135,tcp,66,172.16.1.134:46379 -> 172.16.1.135:445 tcp Length=66,172.16.1.134_172.16.1.135/tcp/Non-Detect
2023-11-24 09:53:43.575217,172.16.1.135,172.16.1.134,tcp,66,172.16.1.135:445 -> 172.16.1.134:45409 tcp Length=66,172.16.1.135_172.16.1.134/tcp/Non-Detect
2023-11-24 09:53:43.575218,172.16.1.134,172.16.1.135,tcp,66,172.16.1.134:45409 -> 172.16.1.135:445 tcp Length=66,172.16.1.134_172.16.1.135/tcp/Non-Detect
2023-11-24 09:53:43.576913,172.16.1.134,172.16.1.135,smb,139,172.16.1.134:46379 -> 172.16.1.135:445 smb Length=139,172.16.1.134_172.16.1.135/smb/Detect
2023-11-24 09:53:43.576913,172.16.1.135,172.16.1.134,tcp,66,172.16.1.135:445 -> 172.16.1.134:46379 tcp Length=66,172.16.1.135_172.16.1.134/tcp/Non-Detect
2023-11-24 09:53:43.578580,172.16.1.135,172.16.1.134,spnego,272,172.16.1.135:445 -> 172.16.1.134:46379 spnego Length=272,172.16.1.135_172.16.1.134/spnego/Detect
2023-11-24 09:53:43.582996,172.16.1.134,172.16.1.135,tcp,66,172.16.1.134:46379 -> 172.16.1.135:445 tcp Length=66,172.16.1.134_172.16.1.135/tcp/Non-Detect
2023-11-24 09:53:43.599867,172.16.1.134,172.16.1.135,smb2,278,172.16.1.134:46379 -> 172.16.1.135:445 smb2 Length=278,172.16.1.134_172.16.1.135/smb2/Detect
2023-11-24 09:53:43.600255,172.16.1.135,172.16.1.134,spnego,272,172.16.1.135:445 -> 172.16.1.134:46379 spnego Length=272,172.16.1.135_172.16.1.134/spnego/Detect
2023-11-24 09:53:43.621215,172.16.1.134,172.16.1.135,ntlmssp,236,172.16.1.134:46379 -> 172.16.1.135:445 ntlmssp Length=236,172.16.1.134_172.16.1.135/ntlmssp/Detect
2023-11-24 09:53:43.621914,172.16.1.135,172.16.1.134,ntlmssp,279,172.16.1.135:445 -> 172.16.1.134:46379 ntlmssp Length=279,172.16.1.135_172.16.1.134/ntlmssp/Detect
2023-11-24 09:53:43.634805,172.16.1.134,172.16.1.135,ntlmssp,272,172.16.1.134:46379 -> 172.16.1.135:445 ntlmssp Length=272,172.16.1.134_172.16.1.135/ntlmssp/Detect
2023-11-24 09:53:43.635651,172.16.1.135,172.16.1.134,spnego,151,172.16.1.135:445 -> 172.16.1.134:46379 spnego Length=151,172.16.1.135_172.16.1.134/spnego/Detect
2023-11-24 09:53:43.646043,172.16.1.134,172.16.1.135,smb2,180,172.16.1.134:46379 -> 172.16.1.135:445 smb2 Length=180,172.16.1.134_172.16.1.135/smb2/Detect
2023-11-24 09:53:43.646612,172.16.1.135,172.16.1.134,smb2,150,172.16.1.135:445 -> 172.16.1.134:46379 smb2 Length=150,172.16.1.135_172.16.1.134/smb2/Detect
2023-11-24 09:53:43.657022,172.16.1.134,172.16.1.135,smb2,254,172.16.1.134:46379 -> 172.16.1.135:445 smb2 Length=254,172.16.1.134_172.16.1.135/smb2/Detect
2023-11-24 09:53:43.658422,172.16.1.135,172.16.1.134,smb2,143,172.16.1.135:445 -> 172.16.1.134:46379 smb2 Length=143,172.16.1.135_172.16.1.134/smb2/Detect
2023-11-24 09:53:43.658688,172.16.1.135,172.16.1.134,tcp,74,172.16.1.135:43944 -> 172.16.1.134:4444 tcp Length=74,172.16.1.135_172.16.1.134/tcp/Non-Detect
2023-11-24 09:53:43.659184,172.16.1.134,172.16.1.135,tcp,74,172.16.1.134:4444 -> 172.16.1.135:43944 tcp Length=74,172.16.1.134_172.16.1.135/tcp/Non-Detect
2023-11-24 09:53:43.659184,172.16.1.135,172.16.1.134,tcp,66,172.16.1.135:43944 -> 172.16.1.134:4444 tcp Length=66,172.16.1.135_172.16.1.134/tcp/Non-Detect
2023-11-24 09:53:43.661628,172.16.1.134,172.16.1.135,data,104,172.16.1.134:4444 -> 172.16.1.135:43944 data Length=104,172.16.1.134_172.16.1.135/data/Detect
2023-11-24 09:53:43.661629,172.16.1.135,172.16.1.134,tcp,66,172.16.1.135:43944 -> 172.16.1.134:4444 tcp Length=66,172.16.1.135_172.16.1.134/tcp/Non-Detect
2023-11-24 09:53:43.682909,172.16.1.134,172.16.1.135,tcp,66,172.16.1.134:46379 -> 172.16.1.135:445 tcp Length=66,172.16.1.134_172.16.1.135/tcp/Non-Detect
2023-11-24 09:53:43.692047,172.16.1.134,172.16.1.135,tcp,74,172.16.1.134:34707 -> 172.16.1.135:445 tcp Length=74,172.16.1.134_172.16.1.135/tcp/Non-Detect
2023-11-24 09:53:43.692219,172.16.1.135,172.16.1.134,tcp,74,172.16.1.135:445 -> 172.16.1.134:34707 tcp Length=74,172.16.1.135_172.16.1.134/tcp/Non-Detect
2023-11-24 09:53:43.700614,172.16.1.134,172.16.1.135,tcp,66,172.16.1.134:34707 -> 172.16.1.135:445 tcp Length=66,172.16.1.134_172.16.1.135/tcp/Non-Detect
2023-11-24 09:53:43.701366,172.16.1.134,172.16.1.135,smb,139,172.16.1.134:34707 -> 172.16.1.135:445 smb Length=139,172.16.1.134_172.16.1.135/smb/Detect
2023-11-24 09:53:43.701874,172.16.1.135,172.16.1.134,tcp,66,172.16.1.135:445 -> 172.16.1.134:34707 tcp Length=66,172.16.1.135_172.16.1.134/tcp/Non-Detect
2023-11-24 09:53:43.704161,172.16.1.135,172.16.1.134,spnego,272,172.16.1.135:445 -> 172.16.1.134:34707 spnego Length=272,172.16.1.135_172.16.1.134/spnego/Detect
2023-11-24 09:53:43.704556,172.16.1.134,172.16.1.135,tcp,66,172.16.1.134:34707 -> 172.16.1.135:445 tcp Length=66,172.16.1.134_172.16.1.135/tcp/Non-Detect
2023-11-24 09:53:43.722363,172.16.1.135,172.16.1.134,tcp,66,172.16.1.135:445 -> 172.16.1.134:46379 tcp Length=66,172.16.1.135_172.16.1.134/tcp/Non-Detect
2023-11-24 09:53:43.724512,172.16.1.134,172.16.1.135,smb2,278,172.16.1.134:34707 -> 172.16.1.135:445 smb2 Length=278,172.16.1.134_172.16.1.135/smb2/Detect
2023-11-24 09:53:43.724520,172.16.1.135,172.16.1.134,spnego,272,172.16.1.135:445 -> 172.16.1.134:34707 spnego Length=272,172.16.1.135_172.16.1.134/spnego/Detect
2023-11-24 09:53:43.732861,172.16.1.134,172.16.1.135,ntlmssp,236,172.16.1.134:34707 -> 172.16.1.135:445 ntlmssp Length=236,172.16.1.134_172.16.1.135/ntlmssp/Detect
2023-11-24 09:53:43.733460,172.16.1.135,172.16.1.134,ntlmssp,279,172.16.1.135:445 -> 172.16.1.134:34707 ntlmssp Length=279,172.16.1.135_172.16.1.134/ntlmssp/Detect
2023-11-24 09:53:43.750759,172.16.1.134,172.16.1.135,ntlmssp,272,172.16.1.134:34707 -> 172.16.1.135:445 ntlmssp Length=272,172.16.1.134_172.16.1.135/ntlmssp/Detect
2023-11-24 09:53:43.751579,172.16.1.135,172.16.1.134,spnego,151,172.16.1.135:445 -> 172.16.1.134:34707 spnego Length=151,172.16.1.135_172.16.1.134/spnego/Detect
2023-11-24 09:53:43.761144,172.16.1.134,172.16.1.135,smb2,180,172.16.1.134:34707 -> 172.16.1.135:445 smb2 Length=180,172.16.1.134_172.16.1.135/smb2/Detect
2023-11-24 09:53:43.761584,172.16.1.135,172.16.1.134,smb2,150,172.16.1.135:445 -> 172.16.1.134:34707 smb2 Length=150,172.16.1.135_172.16.1.134/smb2/Detect
2023-11-24 09:53:43.773624,172.16.1.134,172.16.1.135,smb2,180,172.16.1.134:34707 -> 172.16.1.135:445 smb2 Length=180,172.16.1.134_172.16.1.135/smb2/Detect
2023-11-24 09:53:43.773626,172.16.1.135,172.16.1.134,smb2,150,172.16.1.135:445 -> 172.16.1.134:34707 smb2 Length=150,172.16.1.135_172.16.1.134/smb2/Detect
2023-11-24 09:53:43.787202,172.16.1.134,172.16.1.135,smb2,214,172.16.1.134:34707 -> 172.16.1.135:445 smb2 Length=214,172.16.1.134_172.16.1.135/smb2/Detect
2023-11-24 09:53:43.788139,172.16.1.135,172.16.1.134,smb2,222,172.16.1.135:445 -> 172.16.1.134:34707 smb2 Length=222,172.16.1.135_172.16.1.134/smb2/Detect
2023-11-24 09:53:43.800212,172.16.1.134,172.16.1.135,smb2,167,172.16.1.134:34707 -> 172.16.1.135:445 smb2 Length=167,172.16.1.134_172.16.1.135/smb2/Detect
2023-11-24 09:53:43.800435,172.16.1.135,172.16.1.134,smb2,136,172.16.1.135:445 -> 172.16.1.134:34707 smb2 Length=136,172.16.1.135_172.16.1.134/smb2/Detect
2023-11-24 09:53:43.813070,172.16.1.134,172.16.1.135,smb2,158,172.16.1.134:34707 -> 172.16.1.135:445 smb2 Length=158,172.16.1.134_172.16.1.135/smb2/Detect
2023-11-24 09:53:43.813535,172.16.1.135,172.16.1.134,smb2,194,172.16.1.135:445 -> 172.16.1.134:34707 smb2 Length=194,172.16.1.135_172.16.1.134/smb2/Detect
2023-11-24 09:53:43.824898,172.16.1.134,172.16.1.135,tcp,66,172.16.1.134:34707 -> 172.16.1.135:445 tcp Length=66,172.16.1.134_172.16.1.135/tcp/Non-Detect
2023-11-24 09:53:43.828531,172.16.1.135,172.16.1.134,tcp,66,172.16.1.135:445 -> 172.16.1.134:34707 tcp Length=66,172.16.1.135_172.16.1.134/tcp/Non-Detect
2023-11-24 09:53:43.828719,172.16.1.134,172.16.1.135,tcp,66,172.16.1.134:34707 -> 172.16.1.135:445 tcp Length=66,172.16.1.134_172.16.1.135/tcp/Non-Detect
2023-11-24 09:53:44.683675,172.16.1.134,172.16.1.135,data,96,172.16.1.134:4444 -> 172.16.1.135:43944 data Length=96,172.16.1.134_172.16.1.135/data/Non-Detect
2023-11-24 09:53:44.683676,172.16.1.135,172.16.1.134,tcp,66,172.16.1.135:43944 -> 172.16.1.134:4444 tcp Length=66,172.16.1.135_172.16.1.134/tcp/Non-Detect
2023-11-24 09:53:44.683802,172.16.1.135,172.16.1.134,data,91,172.16.1.135:43944 -> 172.16.1.134:4444 data Length=91,172.16.1.135_172.16.1.134/data/Non-Detect
2023-11-24 09:53:44.684295,172.16.1.134,172.16.1.135,tcp,66,172.16.1.134:4444 -> 172.16.1.135:43944 tcp Length=66,172.16.1.134_172.16.1.135/tcp/Non-Detect
2023-11-24 09:53:46.398783,172.16.1.1,224.0.0.22,igmp,54,172.16.1.1: -> 224.0.0.22: igmp Length=54,172.16.1.1_224.0.0.22/igmp/Non-Detect
2023-11-24 09:53:46.432534,172.16.1.1,224.0.0.22,igmp,54,172.16.1.1: -> 224.0.0.22: igmp Length=54,172.16.1.1_224.0.0.22/igmp/Non-Detect
2023-11-24 09:53:46.432899,172.16.1.1,224.0.0.22,igmp,54,172.16.1.1: -> 224.0.0.22: igmp Length=54,172.16.1.1_224.0.0.22/igmp/Non-Detect
2023-11-24 09:53:46.433127,172.16.1.1,224.0.0.22,igmp,54,172.16.1.1: -> 224.0.0.22: igmp Length=54,172.16.1.1_224.0.0.22/igmp/Non-Detect
2023-11-24 09:53:46.434661,172.16.1.1,224.0.0.251,mdns,70,172.16.1.1:5353 -> 224.0.0.251:5353 mdns Length=70,172.16.1.1_224.0.0.251/mdns/Non-Detect
2023-11-24 09:53:46.436638,172.16.1.1,224.0.0.251,mdns,108,172.16.1.1:5353 -> 224.0.0.251:5353 mdns Length=108,172.16.1.1_224.0.0.251/mdns/Detect
2023-11-24 09:53:46.436786,172.16.1.1,224.0.0.251,mdns,70,172.16.1.1:5353 -> 224.0.0.251:5353 mdns Length=70,172.16.1.1_224.0.0.251/mdns/Non-Detect
2023-11-24 09:53:46.438766,172.16.1.1,224.0.0.251,mdns,108,172.16.1.1:5353 -> 224.0.0.251:5353 mdns Length=108,172.16.1.1_224.0.0.251/mdns/Detect
2023-11-24 09:53:46.853073,172.16.1.1,224.0.0.22,igmp,54,172.16.1.1: -> 224.0.0.22: igmp Length=54,172.16.1.1_224.0.0.22/igmp/Non-Detect
2023-11-24 09:53:49.897036,172.16.1.134,172.16.1.135,data,67,172.16.1.134:4444 -> 172.16.1.135:43944 data Length=67,172.16.1.134_172.16.1.135/data/Non-Detect
2023-11-24 09:53:49.934515,172.16.1.135,172.16.1.134,tcp,66,172.16.1.135:43944 -> 172.16.1.134:4444 tcp Length=66,172.16.1.135_172.16.1.134/tcp/Non-Detect
2023-11-24 09:54:30.364215,172.16.1.134,172.16.1.135,tcp,66,172.16.1.134:4444 -> 172.16.1.135:43944 tcp Length=66,172.16.1.134_172.16.1.135/tcp/Non-Detect
2023-11-24 09:54:30.364821,172.16.1.135,172.16.1.134,tcp,66,172.16.1.135:445 -> 172.16.1.134:46379 tcp Length=66,172.16.1.135_172.16.1.134/tcp/Non-Detect
2023-11-24 09:54:30.364822,172.16.1.135,172.16.1.134,tcp,66,172.16.1.135:43944 -> 172.16.1.134:4444 tcp Length=66,172.16.1.135_172.16.1.134/tcp/Non-Detect
2023-11-24 09:54:30.364822,172.16.1.134,172.16.1.135,tcp,66,172.16.1.134:46379 -> 172.16.1.135:445 tcp Length=66,172.16.1.134_172.16.1.135/tcp/Non-Detect
2023-11-24 09:54:30.364822,172.16.1.134,172.16.1.135,tcp,66,172.16.1.134:4444 -> 172.16.1.135:43944 tcp Length=66,172.16.1.134_172.16.1.135/tcp/Non-Detect
2023-11-24 09:54:50.477498,172.16.1.134,203.113.174.44,ntp,90,172.16.1.134:44599 -> 203.113.174.44:123 ntp Length=90,172.16.1.134_203.113.174.44/ntp/Non-Detect
2023-11-24 09:54:50.490433,203.113.174.44,172.16.1.134,ntp,90,203.113.174.44:123 -> 172.16.1.134:44599 ntp Length=90,203.113.174.44_172.16.1.134/ntp/Non-Detect
2023-11-24 09:54:51.973435,172.16.1.1,239.255.255.250,ssdp,217,172.16.1.1:60445 -> 239.255.255.250:1900 ssdp Length=217,172.16.1.1_239.255.255.250/ssdp/Detect
2023-11-24 09:54:51.989190,172.16.1.1,239.255.255.250,ssdp,217,172.16.1.1:60448 -> 239.255.255.250:1900 ssdp Length=217,172.16.1.1_239.255.255.250/ssdp/Detect
2023-11-24 09:54:52.985812,172.16.1.1,239.255.255.250,ssdp,217,172.16.1.1:60445 -> 239.255.255.250:1900 ssdp Length=217,172.16.1.1_239.255.255.250/ssdp/Detect
2023-11-24 09:54:53.001312,172.16.1.1,239.255.255.250,ssdp,217,172.16.1.1:60448 -> 239.255.255.250:1900 ssdp Length=217,172.16.1.1_239.255.255.250/ssdp/Detect
2023-11-24 09:54:53.989749,172.16.1.1,239.255.255.250,ssdp,217,172.16.1.1:60445 -> 239.255.255.250:1900 ssdp Length=217,172.16.1.1_239.255.255.250/ssdp/Detect
2023-11-24 09:54:54.005287,172.16.1.1,239.255.255.250,ssdp,217,172.16.1.1:60448 -> 239.255.255.250:1900 ssdp Length=217,172.16.1.1_239.255.255.250/ssdp/Detect
2023-11-24 09:54:54.993339,172.16.1.1,239.255.255.250,ssdp,217,172.16.1.1:60445 -> 239.255.255.250:1900 ssdp Length=217,172.16.1.1_239.255.255.250/ssdp/Detect
2023-11-24 09:54:55.008131,172.16.1.1,239.255.255.250,ssdp,217,172.16.1.1:60448 -> 239.255.255.250:1900 ssdp Length=217,172.16.1.1_239.255.255.250/ssdp/Detect
2023-11-24 09:55:26.890540,172.16.1.134,172.16.1.135,tcp,74,172.16.1.134:36167 -> 172.16.1.135:445 tcp Length=74,172.16.1.134_172.16.1.135/tcp/Non-Detect
2023-11-24 09:55:26.890688,172.16.1.135,172.16.1.134,tcp,74,172.16.1.135:445 -> 172.16.1.134:36167 tcp Length=74,172.16.1.135_172.16.1.134/tcp/Non-Detect
2023-11-24 09:55:26.891950,172.16.1.134,172.16.1.135,tcp,66,172.16.1.134:36167 -> 172.16.1.135:445 tcp Length=66,172.16.1.134_172.16.1.135/tcp/Non-Detect
2023-11-24 09:55:26.899610,172.16.1.134,172.16.1.135,smb,139,172.16.1.134:36167 -> 172.16.1.135:445 smb Length=139,172.16.1.134_172.16.1.135/smb/Detect
2023-11-24 09:55:26.899791,172.16.1.135,172.16.1.134,tcp,66,172.16.1.135:445 -> 172.16.1.134:36167 tcp Length=66,172.16.1.135_172.16.1.134/tcp/Non-Detect
2023-11-24 09:55:26.901522,172.16.1.135,172.16.1.134,spnego,272,172.16.1.135:445 -> 172.16.1.134:36167 spnego Length=272,172.16.1.135_172.16.1.134/spnego/Detect
2023-11-24 09:55:26.903189,172.16.1.134,172.16.1.135,tcp,66,172.16.1.134:36167 -> 172.16.1.135:445 tcp Length=66,172.16.1.134_172.16.1.135/tcp/Non-Detect
2023-11-24 09:55:26.926258,172.16.1.134,172.16.1.135,smb2,278,172.16.1.134:36167 -> 172.16.1.135:445 smb2 Length=278,172.16.1.134_172.16.1.135/smb2/Detect
2023-11-24 09:55:26.926752,172.16.1.135,172.16.1.134,spnego,272,172.16.1.135:445 -> 172.16.1.134:36167 spnego Length=272,172.16.1.135_172.16.1.134/spnego/Detect
2023-11-24 09:55:26.933788,172.16.1.134,172.16.1.135,ntlmssp,236,172.16.1.134:36167 -> 172.16.1.135:445 ntlmssp Length=236,172.16.1.134_172.16.1.135/ntlmssp/Detect
2023-11-24 09:55:26.934457,172.16.1.135,172.16.1.134,ntlmssp,279,172.16.1.135:445 -> 172.16.1.134:36167 ntlmssp Length=279,172.16.1.135_172.16.1.134/ntlmssp/Detect
2023-11-24 09:55:26.944216,172.16.1.134,172.16.1.135,ntlmssp,272,172.16.1.134:36167 -> 172.16.1.135:445 ntlmssp Length=272,172.16.1.134_172.16.1.135/ntlmssp/Detect
2023-11-24 09:55:26.944895,172.16.1.135,172.16.1.134,spnego,151,172.16.1.135:445 -> 172.16.1.134:36167 spnego Length=151,172.16.1.135_172.16.1.134/spnego/Detect
2023-11-24 09:55:26.953869,172.16.1.134,172.16.1.135,smb2,180,172.16.1.134:36167 -> 172.16.1.135:445 smb2 Length=180,172.16.1.134_172.16.1.135/smb2/Detect
2023-11-24 09:55:26.954444,172.16.1.135,172.16.1.134,smb2,150,172.16.1.135:445 -> 172.16.1.134:36167 smb2 Length=150,172.16.1.135_172.16.1.134/smb2/Detect
2023-11-24 09:55:26.963546,172.16.1.134,172.16.1.135,smb2,180,172.16.1.134:36167 -> 172.16.1.135:445 smb2 Length=180,172.16.1.134_172.16.1.135/smb2/Detect
2023-11-24 09:55:26.963990,172.16.1.135,172.16.1.134,smb2,150,172.16.1.135:445 -> 172.16.1.134:36167 smb2 Length=150,172.16.1.135_172.16.1.134/smb2/Detect
2023-11-24 09:55:26.975538,172.16.1.134,172.16.1.135,smb2,206,172.16.1.134:36167 -> 172.16.1.135:445 smb2 Length=206,172.16.1.134_172.16.1.135/smb2/Detect
2023-11-24 09:55:26.975971,172.16.1.135,172.16.1.134,smb2,222,172.16.1.135:445 -> 172.16.1.134:36167 smb2 Length=222,172.16.1.135_172.16.1.134/smb2/Detect
2023-11-24 09:55:26.985272,172.16.1.134,172.16.1.135,dcerpc,254,172.16.1.134:36167 -> 172.16.1.135:445 dcerpc Length=254,172.16.1.134_172.16.1.135/dcerpc/Detect
2023-11-24 09:55:26.985564,172.16.1.135,172.16.1.134,smb2,150,172.16.1.135:445 -> 172.16.1.134:36167 smb2 Length=150,172.16.1.135_172.16.1.134/smb2/Detect
2023-11-24 09:55:26.994934,172.16.1.134,172.16.1.135,smb2,183,172.16.1.134:36167 -> 172.16.1.135:445 smb2 Length=183,172.16.1.134_172.16.1.135/smb2/Detect
2023-11-24 09:55:26.995179,172.16.1.135,172.16.1.134,dcerpc,218,172.16.1.135:445 -> 172.16.1.134:36167 dcerpc Length=218,172.16.1.135_172.16.1.134/dcerpc/Detect
2023-11-24 09:55:27.005884,172.16.1.134,172.16.1.135,dcerpc,286,172.16.1.134:36167 -> 172.16.1.135:445 dcerpc Length=286,172.16.1.134_172.16.1.135/dcerpc/Detect
2023-11-24 09:55:27.006326,172.16.1.135,172.16.1.134,smb2,150,172.16.1.135:445 -> 172.16.1.134:36167 smb2 Length=150,172.16.1.135_172.16.1.134/smb2/Detect
2023-11-24 09:55:27.015166,172.16.1.134,172.16.1.135,smb2,183,172.16.1.134:36167 -> 172.16.1.135:445 smb2 Length=183,172.16.1.134_172.16.1.135/smb2/Detect
2023-11-24 09:55:27.015167,172.16.1.135,172.16.1.134,dcerpc,474,172.16.1.135:445 -> 172.16.1.134:36167 dcerpc Length=474,172.16.1.135_172.16.1.134/dcerpc/Detect
2023-11-24 09:55:27.023335,172.16.1.134,172.16.1.135,tcp,66,172.16.1.134:36167 -> 172.16.1.135:445 tcp Length=66,172.16.1.134_172.16.1.135/tcp/Non-Detect
2023-11-24 09:55:27.024637,172.16.1.134,172.16.1.135,tcp,74,172.16.1.134:35733 -> 172.16.1.135:445 tcp Length=74,172.16.1.134_172.16.1.135/tcp/Non-Detect
2023-11-24 09:55:27.024833,172.16.1.135,172.16.1.134,tcp,74,172.16.1.135:445 -> 172.16.1.134:35733 tcp Length=74,172.16.1.135_172.16.1.134/tcp/Non-Detect
2023-11-24 09:55:27.024833,172.16.1.134,172.16.1.135,tcp,66,172.16.1.134:35733 -> 172.16.1.135:445 tcp Length=66,172.16.1.134_172.16.1.135/tcp/Non-Detect
2023-11-24 09:55:27.029465,172.16.1.135,172.16.1.134,tcp,66,172.16.1.135:445 -> 172.16.1.134:36167 tcp Length=66,172.16.1.135_172.16.1.134/tcp/Non-Detect
2023-11-24 09:55:27.029466,172.16.1.134,172.16.1.135,tcp,66,172.16.1.134:36167 -> 172.16.1.135:445 tcp Length=66,172.16.1.134_172.16.1.135/tcp/Non-Detect
2023-11-24 09:55:27.029467,172.16.1.134,172.16.1.135,smb,154,172.16.1.134:35733 -> 172.16.1.135:445 smb Length=154,172.16.1.134_172.16.1.135/smb/Detect
2023-11-24 09:55:27.031702,172.16.1.135,172.16.1.134,tcp,66,172.16.1.135:445 -> 172.16.1.134:35733 tcp Length=66,172.16.1.135_172.16.1.134/tcp/Non-Detect
2023-11-24 09:55:27.031703,172.16.1.135,172.16.1.134,spnego,229,172.16.1.135:445 -> 172.16.1.134:35733 spnego Length=229,172.16.1.135_172.16.1.134/spnego/Detect
2023-11-24 09:55:27.031731,172.16.1.134,172.16.1.135,tcp,66,172.16.1.134:35733 -> 172.16.1.135:445 tcp Length=66,172.16.1.134_172.16.1.135/tcp/Non-Detect
2023-11-24 09:55:27.034683,172.16.1.134,172.16.1.135,ntlmssp,213,172.16.1.134:35733 -> 172.16.1.135:445 ntlmssp Length=213,172.16.1.134_172.16.1.135/ntlmssp/Detect
2023-11-24 09:55:27.035091,172.16.1.135,172.16.1.134,ntlmssp,256,172.16.1.135:445 -> 172.16.1.134:35733 ntlmssp Length=256,172.16.1.135_172.16.1.134/ntlmssp/Detect
2023-11-24 09:55:27.038403,172.16.1.134,172.16.1.135,ntlmssp,378,172.16.1.134:35733 -> 172.16.1.135:445 ntlmssp Length=378,172.16.1.134_172.16.1.135/ntlmssp/Detect
2023-11-24 09:55:27.038775,172.16.1.135,172.16.1.134,smb,148,172.16.1.135:445 -> 172.16.1.134:35733 smb Length=148,172.16.1.135_172.16.1.134/smb/Detect
2023-11-24 09:55:27.041540,172.16.1.134,172.16.1.135,smb,140,172.16.1.134:35733 -> 172.16.1.135:445 smb Length=140,172.16.1.134_172.16.1.135/smb/Detect
2023-11-24 09:55:27.041541,172.16.1.135,172.16.1.134,smb,116,172.16.1.135:445 -> 172.16.1.134:35733 smb Length=116,172.16.1.135_172.16.1.134/smb/Detect
2023-11-24 09:55:27.044920,172.16.1.134,172.16.1.135,smb,142,172.16.1.134:35733 -> 172.16.1.135:445 smb Length=142,172.16.1.134_172.16.1.135/smb/Detect
2023-11-24 09:55:27.044922,172.16.1.135,172.16.1.134,smb,105,172.16.1.135:445 -> 172.16.1.134:35733 smb Length=105,172.16.1.135_172.16.1.134/smb/Detect
2023-11-24 09:55:27.047809,172.16.1.134,172.16.1.135,tcp,66,172.16.1.134:35733 -> 172.16.1.135:445 tcp Length=66,172.16.1.134_172.16.1.135/tcp/Non-Detect
2023-11-24 09:55:27.047810,172.16.1.134,172.16.1.135,tcp,74,172.16.1.134:34573 -> 172.16.1.135:445 tcp Length=74,172.16.1.134_172.16.1.135/tcp/Non-Detect
2023-11-24 09:55:27.047813,172.16.1.135,172.16.1.134,tcp,74,172.16.1.135:445 -> 172.16.1.134:34573 tcp Length=74,172.16.1.135_172.16.1.134/tcp/Non-Detect
2023-11-24 09:55:27.048012,172.16.1.134,172.16.1.135,tcp,66,172.16.1.134:34573 -> 172.16.1.135:445 tcp Length=66,172.16.1.134_172.16.1.135/tcp/Non-Detect
2023-11-24 09:55:27.051487,172.16.1.135,172.16.1.134,tcp,66,172.16.1.135:445 -> 172.16.1.134:35733 tcp Length=66,172.16.1.135_172.16.1.134/tcp/Non-Detect
2023-11-24 09:55:27.051488,172.16.1.134,172.16.1.135,tcp,66,172.16.1.134:35733 -> 172.16.1.135:445 tcp Length=66,172.16.1.134_172.16.1.135/tcp/Non-Detect
2023-11-24 09:55:27.058496,172.16.1.134,172.16.1.135,smb,139,172.16.1.134:34573 -> 172.16.1.135:445 smb Length=139,172.16.1.134_172.16.1.135/smb/Detect
2023-11-24 09:55:27.058497,172.16.1.135,172.16.1.134,tcp,66,172.16.1.135:445 -> 172.16.1.134:34573 tcp Length=66,172.16.1.135_172.16.1.134/tcp/Non-Detect
2023-11-24 09:55:27.060306,172.16.1.135,172.16.1.134,spnego,272,172.16.1.135:445 -> 172.16.1.134:34573 spnego Length=272,172.16.1.135_172.16.1.134/spnego/Detect
2023-11-24 09:55:27.060306,172.16.1.134,172.16.1.135,tcp,66,172.16.1.134:34573 -> 172.16.1.135:445 tcp Length=66,172.16.1.134_172.16.1.135/tcp/Non-Detect
2023-11-24 09:55:27.076732,172.16.1.134,172.16.1.135,smb2,278,172.16.1.134:34573 -> 172.16.1.135:445 smb2 Length=278,172.16.1.134_172.16.1.135/smb2/Detect
2023-11-24 09:55:27.076993,172.16.1.135,172.16.1.134,spnego,272,172.16.1.135:445 -> 172.16.1.134:34573 spnego Length=272,172.16.1.135_172.16.1.134/spnego/Detect
2023-11-24 09:55:27.084004,172.16.1.134,172.16.1.135,ntlmssp,236,172.16.1.134:34573 -> 172.16.1.135:445 ntlmssp Length=236,172.16.1.134_172.16.1.135/ntlmssp/Detect
2023-11-24 09:55:27.084719,172.16.1.135,172.16.1.134,ntlmssp,279,172.16.1.135:445 -> 172.16.1.134:34573 ntlmssp Length=279,172.16.1.135_172.16.1.134/ntlmssp/Detect
2023-11-24 09:55:27.095443,172.16.1.134,172.16.1.135,ntlmssp,272,172.16.1.134:34573 -> 172.16.1.135:445 ntlmssp Length=272,172.16.1.134_172.16.1.135/ntlmssp/Detect
2023-11-24 09:55:27.096115,172.16.1.135,172.16.1.134,spnego,151,172.16.1.135:445 -> 172.16.1.134:34573 spnego Length=151,172.16.1.135_172.16.1.134/spnego/Detect
2023-11-24 09:55:27.105008,172.16.1.134,172.16.1.135,smb2,180,172.16.1.134:34573 -> 172.16.1.135:445 smb2 Length=180,172.16.1.134_172.16.1.135/smb2/Detect
2023-11-24 09:55:27.105516,172.16.1.135,172.16.1.134,smb2,150,172.16.1.135:445 -> 172.16.1.134:34573 smb2 Length=150,172.16.1.135_172.16.1.134/smb2/Detect
2023-11-24 09:55:27.116703,172.16.1.134,172.16.1.135,tcp,66,172.16.1.134:34573 -> 172.16.1.135:445 tcp Length=66,172.16.1.134_172.16.1.135/tcp/Non-Detect
2023-11-24 09:55:27.116704,172.16.1.134,172.16.1.135,tcp,74,172.16.1.134:42059 -> 172.16.1.135:445 tcp Length=74,172.16.1.134_172.16.1.135/tcp/Non-Detect
2023-11-24 09:55:27.116704,172.16.1.135,172.16.1.134,tcp,74,172.16.1.135:445 -> 172.16.1.134:42059 tcp Length=74,172.16.1.135_172.16.1.134/tcp/Non-Detect
2023-11-24 09:55:27.116704,172.16.1.134,172.16.1.135,tcp,66,172.16.1.134:42059 -> 172.16.1.135:445 tcp Length=66,172.16.1.134_172.16.1.135/tcp/Non-Detect
2023-11-24 09:55:27.121120,172.16.1.134,172.16.1.135,smb,154,172.16.1.134:42059 -> 172.16.1.135:445 smb Length=154,172.16.1.134_172.16.1.135/smb/Detect
2023-11-24 09:55:27.121121,172.16.1.135,172.16.1.134,tcp,66,172.16.1.135:445 -> 172.16.1.134:34573 tcp Length=66,172.16.1.135_172.16.1.134/tcp/Non-Detect
2023-11-24 09:55:27.121121,172.16.1.135,172.16.1.134,tcp,66,172.16.1.135:445 -> 172.16.1.134:42059 tcp Length=66,172.16.1.135_172.16.1.134/tcp/Non-Detect
2023-11-24 09:55:27.121122,172.16.1.134,172.16.1.135,tcp,66,172.16.1.134:34573 -> 172.16.1.135:445 tcp Length=66,172.16.1.134_172.16.1.135/tcp/Non-Detect
2023-11-24 09:55:27.123044,172.16.1.135,172.16.1.134,spnego,229,172.16.1.135:445 -> 172.16.1.134:42059 spnego Length=229,172.16.1.135_172.16.1.134/spnego/Detect
2023-11-24 09:55:27.123045,172.16.1.134,172.16.1.135,tcp,66,172.16.1.134:42059 -> 172.16.1.135:445 tcp Length=66,172.16.1.134_172.16.1.135/tcp/Non-Detect
2023-11-24 09:55:27.126279,172.16.1.134,172.16.1.135,ntlmssp,213,172.16.1.134:42059 -> 172.16.1.135:445 ntlmssp Length=213,172.16.1.134_172.16.1.135/ntlmssp/Detect
2023-11-24 09:55:27.126895,172.16.1.135,172.16.1.134,ntlmssp,256,172.16.1.135:445 -> 172.16.1.134:42059 ntlmssp Length=256,172.16.1.135_172.16.1.134/ntlmssp/Detect
2023-11-24 09:55:27.129842,172.16.1.134,172.16.1.135,ntlmssp,378,172.16.1.134:42059 -> 172.16.1.135:445 ntlmssp Length=378,172.16.1.134_172.16.1.135/ntlmssp/Detect
2023-11-24 09:55:27.130684,172.16.1.135,172.16.1.134,smb,148,172.16.1.135:445 -> 172.16.1.134:42059 smb Length=148,172.16.1.135_172.16.1.134/smb/Detect
2023-11-24 09:55:27.132569,172.16.1.134,172.16.1.135,smb,140,172.16.1.134:42059 -> 172.16.1.135:445 smb Length=140,172.16.1.134_172.16.1.135/smb/Detect
2023-11-24 09:55:27.132994,172.16.1.135,172.16.1.134,smb,116,172.16.1.135:445 -> 172.16.1.134:42059 smb Length=116,172.16.1.135_172.16.1.134/smb/Detect
2023-11-24 09:55:27.134951,172.16.1.134,172.16.1.135,smb,140,172.16.1.134:42059 -> 172.16.1.135:445 smb Length=140,172.16.1.134_172.16.1.135/smb/Detect
2023-11-24 09:55:27.135213,172.16.1.135,172.16.1.134,smb,119,172.16.1.135:445 -> 172.16.1.134:42059 smb Length=119,172.16.1.135_172.16.1.134/smb/Detect
2023-11-24 09:55:27.138006,172.16.1.134,172.16.1.135,smb,150,172.16.1.134:42059 -> 172.16.1.135:445 smb Length=150,172.16.1.134_172.16.1.135/smb/Detect
2023-11-24 09:55:27.138007,172.16.1.135,172.16.1.134,smb,334,172.16.1.135:445 -> 172.16.1.134:42059 smb Length=334,172.16.1.135_172.16.1.134/smb/Detect
2023-11-24 09:55:27.140238,172.16.1.134,172.16.1.135,smb,105,172.16.1.134:42059 -> 172.16.1.135:445 smb Length=105,172.16.1.134_172.16.1.135/smb/Detect
2023-11-24 09:55:27.140331,172.16.1.135,172.16.1.134,smb,105,172.16.1.135:445 -> 172.16.1.134:42059 smb Length=105,172.16.1.135_172.16.1.134/smb/Detect
2023-11-24 09:55:27.141816,172.16.1.134,172.16.1.135,tcp,66,172.16.1.134:42059 -> 172.16.1.135:445 tcp Length=66,172.16.1.134_172.16.1.135/tcp/Non-Detect
2023-11-24 09:55:27.143384,172.16.1.134,172.16.1.135,tcp,74,172.16.1.134:38145 -> 172.16.1.135:445 tcp Length=74,172.16.1.134_172.16.1.135/tcp/Non-Detect
2023-11-24 09:55:27.143384,172.16.1.135,172.16.1.134,tcp,74,172.16.1.135:445 -> 172.16.1.134:38145 tcp Length=74,172.16.1.135_172.16.1.134/tcp/Non-Detect
2023-11-24 09:55:27.146586,172.16.1.134,172.16.1.135,tcp,66,172.16.1.134:38145 -> 172.16.1.135:445 tcp Length=66,172.16.1.134_172.16.1.135/tcp/Non-Detect
2023-11-24 09:55:27.146587,172.16.1.135,172.16.1.134,tcp,66,172.16.1.135:445 -> 172.16.1.134:42059 tcp Length=66,172.16.1.135_172.16.1.134/tcp/Non-Detect
2023-11-24 09:55:27.148096,172.16.1.134,172.16.1.135,tcp,66,172.16.1.134:42059 -> 172.16.1.135:445 tcp Length=66,172.16.1.134_172.16.1.135/tcp/Non-Detect
2023-11-24 09:55:27.148097,172.16.1.134,172.16.1.135,smb,139,172.16.1.134:38145 -> 172.16.1.135:445 smb Length=139,172.16.1.134_172.16.1.135/smb/Detect
2023-11-24 09:55:27.148097,172.16.1.135,172.16.1.134,tcp,66,172.16.1.135:445 -> 172.16.1.134:38145 tcp Length=66,172.16.1.135_172.16.1.134/tcp/Non-Detect
2023-11-24 09:55:27.149823,172.16.1.135,172.16.1.134,spnego,272,172.16.1.135:445 -> 172.16.1.134:38145 spnego Length=272,172.16.1.135_172.16.1.134/spnego/Detect
2023-11-24 09:55:27.150078,172.16.1.134,172.16.1.135,tcp,66,172.16.1.134:38145 -> 172.16.1.135:445 tcp Length=66,172.16.1.134_172.16.1.135/tcp/Non-Detect
2023-11-24 09:55:27.163921,172.16.1.134,172.16.1.135,smb2,278,172.16.1.134:38145 -> 172.16.1.135:445 smb2 Length=278,172.16.1.134_172.16.1.135/smb2/Detect
2023-11-24 09:55:27.164241,172.16.1.135,172.16.1.134,spnego,272,172.16.1.135:445 -> 172.16.1.134:38145 spnego Length=272,172.16.1.135_172.16.1.134/spnego/Detect
2023-11-24 09:55:27.171798,172.16.1.134,172.16.1.135,ntlmssp,236,172.16.1.134:38145 -> 172.16.1.135:445 ntlmssp Length=236,172.16.1.134_172.16.1.135/ntlmssp/Detect
2023-11-24 09:55:27.172005,172.16.1.135,172.16.1.134,ntlmssp,279,172.16.1.135:445 -> 172.16.1.134:38145 ntlmssp Length=279,172.16.1.135_172.16.1.134/ntlmssp/Detect
2023-11-24 09:55:27.181523,172.16.1.134,172.16.1.135,ntlmssp,272,172.16.1.134:38145 -> 172.16.1.135:445 ntlmssp Length=272,172.16.1.134_172.16.1.135/ntlmssp/Detect
2023-11-24 09:55:27.182202,172.16.1.135,172.16.1.134,spnego,151,172.16.1.135:445 -> 172.16.1.134:38145 spnego Length=151,172.16.1.135_172.16.1.134/spnego/Detect
2023-11-24 09:55:27.193693,172.16.1.134,172.16.1.135,smb2,180,172.16.1.134:38145 -> 172.16.1.135:445 smb2 Length=180,172.16.1.134_172.16.1.135/smb2/Detect
2023-11-24 09:55:27.194336,172.16.1.135,172.16.1.134,smb2,150,172.16.1.135:445 -> 172.16.1.134:38145 smb2 Length=150,172.16.1.135_172.16.1.134/smb2/Detect
2023-11-24 09:55:27.203053,172.16.1.134,172.16.1.135,smb2,180,172.16.1.134:38145 -> 172.16.1.135:445 smb2 Length=180,172.16.1.134_172.16.1.135/smb2/Detect
2023-11-24 09:55:27.203547,172.16.1.135,172.16.1.134,smb2,150,172.16.1.135:445 -> 172.16.1.134:38145 smb2 Length=150,172.16.1.135_172.16.1.134/smb2/Detect
2023-11-24 09:55:27.212923,172.16.1.134,172.16.1.135,smb2,214,172.16.1.134:38145 -> 172.16.1.135:445 smb2 Length=214,172.16.1.134_172.16.1.135/smb2/Detect
2023-11-24 09:55:27.214072,172.16.1.135,172.16.1.134,smb2,222,172.16.1.135:445 -> 172.16.1.134:38145 smb2 Length=222,172.16.1.135_172.16.1.134/smb2/Detect
2023-11-24 09:55:27.223393,172.16.1.134,172.16.1.135,data,190,172.16.1.134:38145 -> 172.16.1.135:445 data Length=190,172.16.1.134_172.16.1.135/data/Detect
2023-11-24 09:55:27.223877,172.16.1.135,172.16.1.134,smb2,150,172.16.1.135:445 -> 172.16.1.134:38145 smb2 Length=150,172.16.1.135_172.16.1.134/smb2/Detect
2023-11-24 09:55:27.234090,172.16.1.134,172.16.1.135,smb2,158,172.16.1.134:38145 -> 172.16.1.135:445 smb2 Length=158,172.16.1.134_172.16.1.135/smb2/Detect
2023-11-24 09:55:27.234815,172.16.1.135,172.16.1.134,smb2,194,172.16.1.135:445 -> 172.16.1.134:38145 smb2 Length=194,172.16.1.135_172.16.1.134/smb2/Detect
2023-11-24 09:55:27.248077,172.16.1.134,172.16.1.135,smb2,214,172.16.1.134:38145 -> 172.16.1.135:445 smb2 Length=214,172.16.1.134_172.16.1.135/smb2/Detect
2023-11-24 09:55:27.248683,172.16.1.135,172.16.1.134,smb2,222,172.16.1.135:445 -> 172.16.1.134:38145 smb2 Length=222,172.16.1.135_172.16.1.134/smb2/Detect
2023-11-24 09:55:27.262270,172.16.1.134,172.16.1.135,smb2,167,172.16.1.134:38145 -> 172.16.1.135:445 smb2 Length=167,172.16.1.134_172.16.1.135/smb2/Detect
2023-11-24 09:55:27.262562,172.16.1.135,172.16.1.134,smb2,136,172.16.1.135:445 -> 172.16.1.134:38145 smb2 Length=136,172.16.1.135_172.16.1.134/smb2/Detect
2023-11-24 09:55:27.275541,172.16.1.134,172.16.1.135,smb2,158,172.16.1.134:38145 -> 172.16.1.135:445 smb2 Length=158,172.16.1.134_172.16.1.135/smb2/Detect
2023-11-24 09:55:27.275542,172.16.1.135,172.16.1.134,smb2,194,172.16.1.135:445 -> 172.16.1.134:38145 smb2 Length=194,172.16.1.135_172.16.1.134/smb2/Detect
2023-11-24 09:55:27.294140,172.16.1.134,172.16.1.135,smb2,138,172.16.1.134:38145 -> 172.16.1.135:445 smb2 Length=138,172.16.1.134_172.16.1.135/smb2/Detect
2023-11-24 09:55:27.294540,172.16.1.135,172.16.1.134,smb2,138,172.16.1.135:445 -> 172.16.1.134:38145 smb2 Length=138,172.16.1.135_172.16.1.134/smb2/Detect
2023-11-24 09:55:27.308074,172.16.1.134,172.16.1.135,smb2,180,172.16.1.134:38145 -> 172.16.1.135:445 smb2 Length=180,172.16.1.134_172.16.1.135/smb2/Detect
2023-11-24 09:55:27.308782,172.16.1.135,172.16.1.134,smb2,150,172.16.1.135:445 -> 172.16.1.134:38145 smb2 Length=150,172.16.1.135_172.16.1.134/smb2/Detect
2023-11-24 09:55:27.329043,172.16.1.134,172.16.1.135,smb2,206,172.16.1.134:38145 -> 172.16.1.135:445 smb2 Length=206,172.16.1.134_172.16.1.135/smb2/Detect
2023-11-24 09:55:27.329377,172.16.1.135,172.16.1.134,smb2,222,172.16.1.135:445 -> 172.16.1.134:38145 smb2 Length=222,172.16.1.135_172.16.1.134/smb2/Detect
2023-11-24 09:55:27.340917,172.16.1.134,172.16.1.135,dcerpc,254,172.16.1.134:38145 -> 172.16.1.135:445 dcerpc Length=254,172.16.1.134_172.16.1.135/dcerpc/Detect
2023-11-24 09:55:27.341310,172.16.1.135,172.16.1.134,smb2,150,172.16.1.135:445 -> 172.16.1.134:38145 smb2 Length=150,172.16.1.135_172.16.1.134/smb2/Detect
2023-11-24 09:55:27.351147,172.16.1.134,172.16.1.135,smb2,183,172.16.1.134:38145 -> 172.16.1.135:445 smb2 Length=183,172.16.1.134_172.16.1.135/smb2/Detect
2023-11-24 09:55:27.351399,172.16.1.135,172.16.1.134,dcerpc,218,172.16.1.135:445 -> 172.16.1.134:38145 dcerpc Length=218,172.16.1.135_172.16.1.134/dcerpc/Detect
2023-11-24 09:55:27.361497,172.16.1.134,172.16.1.135,dcerpc,282,172.16.1.134:38145 -> 172.16.1.135:445 dcerpc Length=282,172.16.1.134_172.16.1.135/dcerpc/Detect
2023-11-24 09:55:27.361937,172.16.1.135,172.16.1.134,smb2,150,172.16.1.135:445 -> 172.16.1.134:38145 smb2 Length=150,172.16.1.135_172.16.1.134/smb2/Detect
2023-11-24 09:55:27.371079,172.16.1.134,172.16.1.135,smb2,183,172.16.1.134:38145 -> 172.16.1.135:445 smb2 Length=183,172.16.1.134_172.16.1.135/smb2/Detect
2023-11-24 09:55:27.371323,172.16.1.135,172.16.1.134,dcerpc,338,172.16.1.135:445 -> 172.16.1.134:38145 dcerpc Length=338,172.16.1.135_172.16.1.134/dcerpc/Detect
2023-11-24 09:55:27.381880,172.16.1.134,172.16.1.135,tcp,66,172.16.1.134:38145 -> 172.16.1.135:445 tcp Length=66,172.16.1.134_172.16.1.135/tcp/Non-Detect
2023-11-24 09:55:27.384217,172.16.1.134,172.16.1.135,tcp,74,172.16.1.134:41999 -> 172.16.1.135:445 tcp Length=74,172.16.1.134_172.16.1.135/tcp/Non-Detect
2023-11-24 09:55:27.384236,172.16.1.135,172.16.1.134,tcp,74,172.16.1.135:445 -> 172.16.1.134:41999 tcp Length=74,172.16.1.135_172.16.1.134/tcp/Non-Detect
2023-11-24 09:55:27.387324,172.16.1.134,172.16.1.135,tcp,66,172.16.1.134:41999 -> 172.16.1.135:445 tcp Length=66,172.16.1.134_172.16.1.135/tcp/Non-Detect
2023-11-24 09:55:27.387330,172.16.1.135,172.16.1.134,tcp,66,172.16.1.135:445 -> 172.16.1.134:38145 tcp Length=66,172.16.1.135_172.16.1.134/tcp/Non-Detect
2023-11-24 09:55:27.388290,172.16.1.134,172.16.1.135,tcp,66,172.16.1.134:38145 -> 172.16.1.135:445 tcp Length=66,172.16.1.134_172.16.1.135/tcp/Non-Detect
2023-11-24 09:55:27.391367,172.16.1.134,172.16.1.135,smb,139,172.16.1.134:41999 -> 172.16.1.135:445 smb Length=139,172.16.1.134_172.16.1.135/smb/Detect
2023-11-24 09:55:27.391368,172.16.1.135,172.16.1.134,tcp,66,172.16.1.135:445 -> 172.16.1.134:41999 tcp Length=66,172.16.1.135_172.16.1.134/tcp/Non-Detect
2023-11-24 09:55:27.393190,172.16.1.135,172.16.1.134,spnego,272,172.16.1.135:445 -> 172.16.1.134:41999 spnego Length=272,172.16.1.135_172.16.1.134/spnego/Detect
2023-11-24 09:55:27.393191,172.16.1.134,172.16.1.135,tcp,66,172.16.1.134:41999 -> 172.16.1.135:445 tcp Length=66,172.16.1.134_172.16.1.135/tcp/Non-Detect
2023-11-24 09:55:27.413741,172.16.1.134,172.16.1.135,smb2,278,172.16.1.134:41999 -> 172.16.1.135:445 smb2 Length=278,172.16.1.134_172.16.1.135/smb2/Detect
2023-11-24 09:55:27.414225,172.16.1.135,172.16.1.134,spnego,272,172.16.1.135:445 -> 172.16.1.134:41999 spnego Length=272,172.16.1.135_172.16.1.134/spnego/Detect
2023-11-24 09:55:27.426259,172.16.1.134,172.16.1.135,ntlmssp,236,172.16.1.134:41999 -> 172.16.1.135:445 ntlmssp Length=236,172.16.1.134_172.16.1.135/ntlmssp/Detect
2023-11-24 09:55:27.426899,172.16.1.135,172.16.1.134,ntlmssp,279,172.16.1.135:445 -> 172.16.1.134:41999 ntlmssp Length=279,172.16.1.135_172.16.1.134/ntlmssp/Detect
2023-11-24 09:55:27.438898,172.16.1.134,172.16.1.135,ntlmssp,272,172.16.1.134:41999 -> 172.16.1.135:445 ntlmssp Length=272,172.16.1.134_172.16.1.135/ntlmssp/Detect
2023-11-24 09:55:27.438899,172.16.1.135,172.16.1.134,spnego,151,172.16.1.135:445 -> 172.16.1.134:41999 spnego Length=151,172.16.1.135_172.16.1.134/spnego/Detect
2023-11-24 09:55:27.449041,172.16.1.134,172.16.1.135,smb2,180,172.16.1.134:41999 -> 172.16.1.135:445 smb2 Length=180,172.16.1.134_172.16.1.135/smb2/Detect
2023-11-24 09:55:27.449581,172.16.1.135,172.16.1.134,smb2,150,172.16.1.135:445 -> 172.16.1.134:41999 smb2 Length=150,172.16.1.135_172.16.1.134/smb2/Detect
2023-11-24 09:55:27.460239,172.16.1.134,172.16.1.135,smb2,180,172.16.1.134:41999 -> 172.16.1.135:445 smb2 Length=180,172.16.1.134_172.16.1.135/smb2/Detect
2023-11-24 09:55:27.460766,172.16.1.135,172.16.1.134,smb2,150,172.16.1.135:445 -> 172.16.1.134:41999 smb2 Length=150,172.16.1.135_172.16.1.134/smb2/Detect
2023-11-24 09:55:27.471728,172.16.1.134,172.16.1.135,smb2,214,172.16.1.134:41999 -> 172.16.1.135:445 smb2 Length=214,172.16.1.134_172.16.1.135/smb2/Detect
2023-11-24 09:55:27.472955,172.16.1.135,172.16.1.134,smb2,222,172.16.1.135:445 -> 172.16.1.134:41999 smb2 Length=222,172.16.1.135_172.16.1.134/smb2/Detect
2023-11-24 09:55:27.483125,172.16.1.134,172.16.1.135,tcp,1514,172.16.1.134:41999 -> 172.16.1.135:445 tcp Length=1514,172.16.1.134_172.16.1.135/tcp/Detect
2023-11-24 09:55:27.483131,172.16.1.134,172.16.1.135,tcp,1514,172.16.1.134:41999 -> 172.16.1.135:445 tcp Length=1514,172.16.1.134_172.16.1.135/tcp/Detect
2023-11-24 09:55:27.483132,172.16.1.134,172.16.1.135,tcp,1514,172.16.1.134:41999 -> 172.16.1.135:445 tcp Length=1514,172.16.1.134_172.16.1.135/tcp/Detect
2023-11-24 09:55:27.483133,172.16.1.134,172.16.1.135,tcp,1514,172.16.1.134:41999 -> 172.16.1.135:445 tcp Length=1514,172.16.1.134_172.16.1.135/tcp/Detect
2023-11-24 09:55:27.483133,172.16.1.134,172.16.1.135,tcp,1514,172.16.1.134:41999 -> 172.16.1.135:445 tcp Length=1514,172.16.1.134_172.16.1.135/tcp/Detect
2023-11-24 09:55:27.483134,172.16.1.134,172.16.1.135,tcp,1514,172.16.1.134:41999 -> 172.16.1.135:445 tcp Length=1514,172.16.1.134_172.16.1.135/tcp/Detect
2023-11-24 09:55:27.483135,172.16.1.134,172.16.1.135,tcp,1514,172.16.1.134:41999 -> 172.16.1.135:445 tcp Length=1514,172.16.1.134_172.16.1.135/tcp/Detect
2023-11-24 09:55:27.483135,172.16.1.134,172.16.1.135,tcp,1514,172.16.1.134:41999 -> 172.16.1.135:445 tcp Length=1514,172.16.1.134_172.16.1.135/tcp/Detect
2023-11-24 09:55:27.483136,172.16.1.134,172.16.1.135,tcp,1514,172.16.1.134:41999 -> 172.16.1.135:445 tcp Length=1514,172.16.1.134_172.16.1.135/tcp/Detect
2023-11-24 09:55:27.483136,172.16.1.134,172.16.1.135,tcp,1514,172.16.1.134:41999 -> 172.16.1.135:445 tcp Length=1514,172.16.1.134_172.16.1.135/tcp/Detect
2023-11-24 09:55:27.483168,172.16.1.135,172.16.1.134,tcp,66,172.16.1.135:445 -> 172.16.1.134:41999 tcp Length=66,172.16.1.135_172.16.1.134/tcp/Non-Detect
2023-11-24 09:55:27.483169,172.16.1.135,172.16.1.134,tcp,66,172.16.1.135:445 -> 172.16.1.134:41999 tcp Length=66,172.16.1.135_172.16.1.134/tcp/Non-Detect
2023-11-24 09:55:27.483169,172.16.1.134,172.16.1.135,tcp,1514,172.16.1.134:41999 -> 172.16.1.135:445 tcp Length=1514,172.16.1.134_172.16.1.135/tcp/Detect
2023-11-24 09:55:27.483170,172.16.1.134,172.16.1.135,tcp,1514,172.16.1.134:41999 -> 172.16.1.135:445 tcp Length=1514,172.16.1.134_172.16.1.135/tcp/Detect
2023-11-24 09:55:27.483171,172.16.1.134,172.16.1.135,data,1230,172.16.1.134:41999 -> 172.16.1.135:445 data Length=1230,172.16.1.134_172.16.1.135/data/Detect
2023-11-24 09:55:27.483172,172.16.1.135,172.16.1.134,tcp,66,172.16.1.135:445 -> 172.16.1.134:41999 tcp Length=66,172.16.1.135_172.16.1.134/tcp/Non-Detect
2023-11-24 09:55:27.483767,172.16.1.135,172.16.1.134,smb2,150,172.16.1.135:445 -> 172.16.1.134:41999 smb2 Length=150,172.16.1.135_172.16.1.134/smb2/Detect
2023-11-24 09:55:27.494323,172.16.1.134,172.16.1.135,smb2,158,172.16.1.134:41999 -> 172.16.1.135:445 smb2 Length=158,172.16.1.134_172.16.1.135/smb2/Detect
2023-11-24 09:55:27.494933,172.16.1.135,172.16.1.134,smb2,194,172.16.1.135:445 -> 172.16.1.134:41999 smb2 Length=194,172.16.1.135_172.16.1.134/smb2/Detect
2023-11-24 09:55:27.509995,172.16.1.134,172.16.1.135,smb2,138,172.16.1.134:41999 -> 172.16.1.135:445 smb2 Length=138,172.16.1.134_172.16.1.135/smb2/Detect
2023-11-24 09:55:27.510289,172.16.1.135,172.16.1.134,smb2,138,172.16.1.135:445 -> 172.16.1.134:41999 smb2 Length=138,172.16.1.135_172.16.1.134/smb2/Detect
2023-11-24 09:55:27.520422,172.16.1.134,172.16.1.135,tcp,66,172.16.1.134:41999 -> 172.16.1.135:445 tcp Length=66,172.16.1.134_172.16.1.135/tcp/Non-Detect
2023-11-24 09:55:27.522386,172.16.1.134,172.16.1.135,tcp,74,172.16.1.134:33887 -> 172.16.1.135:445 tcp Length=74,172.16.1.134_172.16.1.135/tcp/Non-Detect
2023-11-24 09:55:27.524526,172.16.1.135,172.16.1.134,tcp,74,172.16.1.135:445 -> 172.16.1.134:33887 tcp Length=74,172.16.1.135_172.16.1.134/tcp/Non-Detect
2023-11-24 09:55:27.524527,172.16.1.134,172.16.1.135,tcp,66,172.16.1.134:33887 -> 172.16.1.135:445 tcp Length=66,172.16.1.134_172.16.1.135/tcp/Non-Detect
2023-11-24 09:55:27.524987,172.16.1.135,172.16.1.134,tcp,66,172.16.1.135:445 -> 172.16.1.134:41999 tcp Length=66,172.16.1.135_172.16.1.134/tcp/Non-Detect
2023-11-24 09:55:27.524988,172.16.1.134,172.16.1.135,tcp,66,172.16.1.134:41999 -> 172.16.1.135:445 tcp Length=66,172.16.1.134_172.16.1.135/tcp/Non-Detect
2023-11-24 09:55:27.528407,172.16.1.134,172.16.1.135,smb,139,172.16.1.134:33887 -> 172.16.1.135:445 smb Length=139,172.16.1.134_172.16.1.135/smb/Detect
2023-11-24 09:55:27.530182,172.16.1.135,172.16.1.134,tcp,66,172.16.1.135:445 -> 172.16.1.134:33887 tcp Length=66,172.16.1.135_172.16.1.134/tcp/Non-Detect
2023-11-24 09:55:27.530183,172.16.1.135,172.16.1.134,spnego,272,172.16.1.135:445 -> 172.16.1.134:33887 spnego Length=272,172.16.1.135_172.16.1.134/spnego/Detect
2023-11-24 09:55:27.530184,172.16.1.134,172.16.1.135,tcp,66,172.16.1.134:33887 -> 172.16.1.135:445 tcp Length=66,172.16.1.134_172.16.1.135/tcp/Non-Detect
2023-11-24 09:55:27.548351,172.16.1.134,172.16.1.135,smb2,278,172.16.1.134:33887 -> 172.16.1.135:445 smb2 Length=278,172.16.1.134_172.16.1.135/smb2/Detect
2023-11-24 09:55:27.548866,172.16.1.135,172.16.1.134,spnego,272,172.16.1.135:445 -> 172.16.1.134:33887 spnego Length=272,172.16.1.135_172.16.1.134/spnego/Detect
2023-11-24 09:55:27.556551,172.16.1.134,172.16.1.135,ntlmssp,236,172.16.1.134:33887 -> 172.16.1.135:445 ntlmssp Length=236,172.16.1.134_172.16.1.135/ntlmssp/Detect
2023-11-24 09:55:27.556819,172.16.1.135,172.16.1.134,ntlmssp,279,172.16.1.135:445 -> 172.16.1.134:33887 ntlmssp Length=279,172.16.1.135_172.16.1.134/ntlmssp/Detect
2023-11-24 09:55:27.567333,172.16.1.134,172.16.1.135,ntlmssp,272,172.16.1.134:33887 -> 172.16.1.135:445 ntlmssp Length=272,172.16.1.134_172.16.1.135/ntlmssp/Detect
2023-11-24 09:55:27.567966,172.16.1.135,172.16.1.134,spnego,151,172.16.1.135:445 -> 172.16.1.134:33887 spnego Length=151,172.16.1.135_172.16.1.134/spnego/Detect
2023-11-24 09:55:27.577038,172.16.1.134,172.16.1.135,smb2,180,172.16.1.134:33887 -> 172.16.1.135:445 smb2 Length=180,172.16.1.134_172.16.1.135/smb2/Detect
2023-11-24 09:55:27.577700,172.16.1.135,172.16.1.134,smb2,150,172.16.1.135:445 -> 172.16.1.134:33887 smb2 Length=150,172.16.1.135_172.16.1.134/smb2/Detect
2023-11-24 09:55:27.588047,172.16.1.134,172.16.1.135,smb2,262,172.16.1.134:33887 -> 172.16.1.135:445 smb2 Length=262,172.16.1.134_172.16.1.135/smb2/Detect
2023-11-24 09:55:27.588659,172.16.1.135,172.16.1.134,smb2,143,172.16.1.135:445 -> 172.16.1.134:33887 smb2 Length=143,172.16.1.135_172.16.1.134/smb2/Detect
2023-11-24 09:55:27.604280,172.16.1.134,172.16.1.135,tcp,66,172.16.1.134:33887 -> 172.16.1.135:445 tcp Length=66,172.16.1.134_172.16.1.135/tcp/Non-Detect
2023-11-24 09:55:27.605001,172.16.1.134,172.16.1.135,tcp,74,172.16.1.134:45399 -> 172.16.1.135:445 tcp Length=74,172.16.1.134_172.16.1.135/tcp/Non-Detect
2023-11-24 09:55:27.605206,172.16.1.135,172.16.1.134,tcp,74,172.16.1.135:445 -> 172.16.1.134:45399 tcp Length=74,172.16.1.135_172.16.1.134/tcp/Non-Detect
2023-11-24 09:55:27.605207,172.16.1.134,172.16.1.135,tcp,66,172.16.1.134:45399 -> 172.16.1.135:445 tcp Length=66,172.16.1.134_172.16.1.135/tcp/Non-Detect
2023-11-24 09:55:27.608585,172.16.1.135,172.16.1.134,tcp,66,172.16.1.135:445 -> 172.16.1.134:33887 tcp Length=66,172.16.1.135_172.16.1.134/tcp/Non-Detect
2023-11-24 09:55:27.608586,172.16.1.134,172.16.1.135,tcp,66,172.16.1.134:33887 -> 172.16.1.135:445 tcp Length=66,172.16.1.134_172.16.1.135/tcp/Non-Detect
2023-11-24 09:55:27.610378,172.16.1.134,172.16.1.135,smb,139,172.16.1.134:45399 -> 172.16.1.135:445 smb Length=139,172.16.1.134_172.16.1.135/smb/Detect
2023-11-24 09:55:27.612102,172.16.1.135,172.16.1.134,tcp,66,172.16.1.135:445 -> 172.16.1.134:45399 tcp Length=66,172.16.1.135_172.16.1.134/tcp/Non-Detect
2023-11-24 09:55:27.612107,172.16.1.135,172.16.1.134,spnego,272,172.16.1.135:445 -> 172.16.1.134:45399 spnego Length=272,172.16.1.135_172.16.1.134/spnego/Detect
2023-11-24 09:55:27.613279,172.16.1.134,172.16.1.135,tcp,66,172.16.1.134:45399 -> 172.16.1.135:445 tcp Length=66,172.16.1.134_172.16.1.135/tcp/Non-Detect
2023-11-24 09:55:27.636097,172.16.1.134,172.16.1.135,smb2,278,172.16.1.134:45399 -> 172.16.1.135:445 smb2 Length=278,172.16.1.134_172.16.1.135/smb2/Detect
2023-11-24 09:55:27.637188,172.16.1.135,172.16.1.134,spnego,272,172.16.1.135:445 -> 172.16.1.134:45399 spnego Length=272,172.16.1.135_172.16.1.134/spnego/Detect
2023-11-24 09:55:27.644144,172.16.1.134,172.16.1.135,ntlmssp,236,172.16.1.134:45399 -> 172.16.1.135:445 ntlmssp Length=236,172.16.1.134_172.16.1.135/ntlmssp/Detect
2023-11-24 09:55:27.644972,172.16.1.135,172.16.1.134,ntlmssp,279,172.16.1.135:445 -> 172.16.1.134:45399 ntlmssp Length=279,172.16.1.135_172.16.1.134/ntlmssp/Detect
2023-11-24 09:55:27.658332,172.16.1.134,172.16.1.135,ntlmssp,272,172.16.1.134:45399 -> 172.16.1.135:445 ntlmssp Length=272,172.16.1.134_172.16.1.135/ntlmssp/Detect
2023-11-24 09:55:27.658689,172.16.1.135,172.16.1.134,spnego,151,172.16.1.135:445 -> 172.16.1.134:45399 spnego Length=151,172.16.1.135_172.16.1.134/spnego/Detect
2023-11-24 09:55:27.671928,172.16.1.134,172.16.1.135,smb2,180,172.16.1.134:45399 -> 172.16.1.135:445 smb2 Length=180,172.16.1.134_172.16.1.135/smb2/Detect
2023-11-24 09:55:27.672488,172.16.1.135,172.16.1.134,smb2,150,172.16.1.135:445 -> 172.16.1.134:45399 smb2 Length=150,172.16.1.135_172.16.1.134/smb2/Detect
2023-11-24 09:55:27.685270,172.16.1.134,172.16.1.135,smb2,254,172.16.1.134:45399 -> 172.16.1.135:445 smb2 Length=254,172.16.1.134_172.16.1.135/smb2/Detect
2023-11-24 09:55:27.686172,172.16.1.135,172.16.1.134,smb2,143,172.16.1.135:445 -> 172.16.1.134:45399 smb2 Length=143,172.16.1.135_172.16.1.134/smb2/Detect
2023-11-24 09:55:27.686173,172.16.1.135,172.16.1.134,tcp,74,172.16.1.135:43946 -> 172.16.1.134:4444 tcp Length=74,172.16.1.135_172.16.1.134/tcp/Non-Detect
2023-11-24 09:55:27.692389,172.16.1.134,172.16.1.135,tcp,74,172.16.1.134:4444 -> 172.16.1.135:43946 tcp Length=74,172.16.1.134_172.16.1.135/tcp/Non-Detect
2023-11-24 09:55:27.692390,172.16.1.135,172.16.1.134,tcp,66,172.16.1.135:43946 -> 172.16.1.134:4444 tcp Length=66,172.16.1.135_172.16.1.134/tcp/Non-Detect
2023-11-24 09:55:27.713278,172.16.1.134,172.16.1.135,tcp,66,172.16.1.134:45399 -> 172.16.1.135:445 tcp Length=66,172.16.1.134_172.16.1.135/tcp/Non-Detect
2023-11-24 09:55:27.713279,172.16.1.134,172.16.1.135,data,104,172.16.1.134:4444 -> 172.16.1.135:43946 data Length=104,172.16.1.134_172.16.1.135/data/Detect
2023-11-24 09:55:27.713279,172.16.1.134,172.16.1.135,tcp,74,172.16.1.134:34577 -> 172.16.1.135:445 tcp Length=74,172.16.1.134_172.16.1.135/tcp/Non-Detect
2023-11-24 09:55:27.713451,172.16.1.135,172.16.1.134,tcp,74,172.16.1.135:445 -> 172.16.1.134:34577 tcp Length=74,172.16.1.135_172.16.1.134/tcp/Non-Detect
2023-11-24 09:55:27.713452,172.16.1.134,172.16.1.135,tcp,66,172.16.1.134:34577 -> 172.16.1.135:445 tcp Length=66,172.16.1.134_172.16.1.135/tcp/Non-Detect
2023-11-24 09:55:27.716771,172.16.1.135,172.16.1.134,tcp,66,172.16.1.135:43946 -> 172.16.1.134:4444 tcp Length=66,172.16.1.135_172.16.1.134/tcp/Non-Detect
2023-11-24 09:55:27.718338,172.16.1.134,172.16.1.135,smb,139,172.16.1.134:34577 -> 172.16.1.135:445 smb Length=139,172.16.1.134_172.16.1.135/smb/Detect
2023-11-24 09:55:27.718340,172.16.1.135,172.16.1.134,tcp,66,172.16.1.135:445 -> 172.16.1.134:34577 tcp Length=66,172.16.1.135_172.16.1.134/tcp/Non-Detect
2023-11-24 09:55:27.721445,172.16.1.135,172.16.1.134,spnego,272,172.16.1.135:445 -> 172.16.1.134:34577 spnego Length=272,172.16.1.135_172.16.1.134/spnego/Detect
2023-11-24 09:55:27.728430,172.16.1.134,172.16.1.135,tcp,66,172.16.1.134:34577 -> 172.16.1.135:445 tcp Length=66,172.16.1.134_172.16.1.135/tcp/Non-Detect
2023-11-24 09:55:27.741727,172.16.1.134,172.16.1.135,smb2,278,172.16.1.134:34577 -> 172.16.1.135:445 smb2 Length=278,172.16.1.134_172.16.1.135/smb2/Detect
2023-11-24 09:55:27.742140,172.16.1.135,172.16.1.134,spnego,272,172.16.1.135:445 -> 172.16.1.134:34577 spnego Length=272,172.16.1.135_172.16.1.134/spnego/Detect
2023-11-24 09:55:27.746151,172.16.1.135,172.16.1.134,tcp,66,172.16.1.135:445 -> 172.16.1.134:45399 tcp Length=66,172.16.1.135_172.16.1.134/tcp/Non-Detect
2023-11-24 09:55:27.749765,172.16.1.134,172.16.1.135,ntlmssp,236,172.16.1.134:34577 -> 172.16.1.135:445 ntlmssp Length=236,172.16.1.134_172.16.1.135/ntlmssp/Detect
2023-11-24 09:55:27.750566,172.16.1.135,172.16.1.134,ntlmssp,279,172.16.1.135:445 -> 172.16.1.134:34577 ntlmssp Length=279,172.16.1.135_172.16.1.134/ntlmssp/Detect
2023-11-24 09:55:27.761789,172.16.1.134,172.16.1.135,ntlmssp,272,172.16.1.134:34577 -> 172.16.1.135:445 ntlmssp Length=272,172.16.1.134_172.16.1.135/ntlmssp/Detect
2023-11-24 09:55:27.762694,172.16.1.135,172.16.1.134,spnego,151,172.16.1.135:445 -> 172.16.1.134:34577 spnego Length=151,172.16.1.135_172.16.1.134/spnego/Detect
2023-11-24 09:55:27.773084,172.16.1.134,172.16.1.135,smb2,180,172.16.1.134:34577 -> 172.16.1.135:445 smb2 Length=180,172.16.1.134_172.16.1.135/smb2/Detect
2023-11-24 09:55:27.773718,172.16.1.135,172.16.1.134,smb2,150,172.16.1.135:445 -> 172.16.1.134:34577 smb2 Length=150,172.16.1.135_172.16.1.134/smb2/Detect
2023-11-24 09:55:27.785513,172.16.1.134,172.16.1.135,smb2,180,172.16.1.134:34577 -> 172.16.1.135:445 smb2 Length=180,172.16.1.134_172.16.1.135/smb2/Detect
2023-11-24 09:55:27.786028,172.16.1.135,172.16.1.134,smb2,150,172.16.1.135:445 -> 172.16.1.134:34577 smb2 Length=150,172.16.1.135_172.16.1.134/smb2/Detect
2023-11-24 09:55:27.802851,172.16.1.134,172.16.1.135,smb2,214,172.16.1.134:34577 -> 172.16.1.135:445 smb2 Length=214,172.16.1.134_172.16.1.135/smb2/Detect
2023-11-24 09:55:27.804138,172.16.1.135,172.16.1.134,smb2,222,172.16.1.135:445 -> 172.16.1.134:34577 smb2 Length=222,172.16.1.135_172.16.1.134/smb2/Detect
2023-11-24 09:55:27.815801,172.16.1.134,172.16.1.135,smb2,167,172.16.1.134:34577 -> 172.16.1.135:445 smb2 Length=167,172.16.1.134_172.16.1.135/smb2/Detect
2023-11-24 09:55:27.815970,172.16.1.135,172.16.1.134,smb2,136,172.16.1.135:445 -> 172.16.1.134:34577 smb2 Length=136,172.16.1.135_172.16.1.134/smb2/Detect
2023-11-24 09:55:27.826083,172.16.1.134,172.16.1.135,smb2,158,172.16.1.134:34577 -> 172.16.1.135:445 smb2 Length=158,172.16.1.134_172.16.1.135/smb2/Detect
2023-11-24 09:55:27.826858,172.16.1.135,172.16.1.134,smb2,194,172.16.1.135:445 -> 172.16.1.134:34577 smb2 Length=194,172.16.1.135_172.16.1.134/smb2/Detect
2023-11-24 09:55:27.840362,172.16.1.134,172.16.1.135,tcp,66,172.16.1.134:34577 -> 172.16.1.135:445 tcp Length=66,172.16.1.134_172.16.1.135/tcp/Non-Detect
2023-11-24 09:55:27.843601,172.16.1.135,172.16.1.134,tcp,66,172.16.1.135:445 -> 172.16.1.134:34577 tcp Length=66,172.16.1.135_172.16.1.134/tcp/Non-Detect
2023-11-24 09:55:27.843634,172.16.1.134,172.16.1.135,tcp,66,172.16.1.134:34577 -> 172.16.1.135:445 tcp Length=66,172.16.1.134_172.16.1.135/tcp/Non-Detect
2023-11-24 09:55:28.714968,172.16.1.134,172.16.1.135,data,82,172.16.1.134:4444 -> 172.16.1.135:43946 data Length=82,172.16.1.134_172.16.1.135/data/Non-Detect
2023-11-24 09:55:28.714969,172.16.1.135,172.16.1.134,tcp,66,172.16.1.135:43946 -> 172.16.1.134:4444 tcp Length=66,172.16.1.135_172.16.1.134/tcp/Non-Detect
2023-11-24 09:55:28.716398,172.16.1.135,172.16.1.134,data,77,172.16.1.135:43946 -> 172.16.1.134:4444 data Length=77,172.16.1.135_172.16.1.134/data/Non-Detect
2023-11-24 09:55:28.716399,172.16.1.134,172.16.1.135,tcp,66,172.16.1.134:4444 -> 172.16.1.135:43946 tcp Length=66,172.16.1.134_172.16.1.135/tcp/Non-Detect
2023-11-24 09:55:33.944309,172.16.1.134,172.16.1.135,data,67,172.16.1.134:4444 -> 172.16.1.135:43946 data Length=67,172.16.1.134_172.16.1.135/data/Non-Detect
2023-11-24 09:55:33.982225,172.16.1.135,172.16.1.134,tcp,66,172.16.1.135:43946 -> 172.16.1.134:4444 tcp Length=66,172.16.1.135_172.16.1.134/tcp/Non-Detect
2023-11-24 09:56:51.987715,172.16.1.1,239.255.255.250,ssdp,217,172.16.1.1:53236 -> 239.255.255.250:1900 ssdp Length=217,172.16.1.1_239.255.255.250/ssdp/Detect
2023-11-24 09:56:52.000643,172.16.1.1,239.255.255.250,ssdp,217,172.16.1.1:53239 -> 239.255.255.250:1900 ssdp Length=217,172.16.1.1_239.255.255.250/ssdp/Detect
2023-11-24 09:56:52.999633,172.16.1.1,239.255.255.250,ssdp,217,172.16.1.1:53236 -> 239.255.255.250:1900 ssdp Length=217,172.16.1.1_239.255.255.250/ssdp/Detect
2023-11-24 09:56:53.015275,172.16.1.1,239.255.255.250,ssdp,217,172.16.1.1:53239 -> 239.255.255.250:1900 ssdp Length=217,172.16.1.1_239.255.255.250/ssdp/Detect
2023-11-24 09:56:54.004961,172.16.1.1,239.255.255.250,ssdp,217,172.16.1.1:53236 -> 239.255.255.250:1900 ssdp Length=217,172.16.1.1_239.255.255.250/ssdp/Detect
2023-11-24 09:56:54.020150,172.16.1.1,239.255.255.250,ssdp,217,172.16.1.1:53239 -> 239.255.255.250:1900 ssdp Length=217,172.16.1.1_239.255.255.250/ssdp/Detect
2023-11-24 09:56:55.007099,172.16.1.1,239.255.255.250,ssdp,217,172.16.1.1:53236 -> 239.255.255.250:1900 ssdp Length=217,172.16.1.1_239.255.255.250/ssdp/Detect
2023-11-24 09:56:55.022827,172.16.1.1,239.255.255.250,ssdp,217,172.16.1.1:53239 -> 239.255.255.250:1900 ssdp Length=217,172.16.1.1_239.255.255.250/ssdp/Detect
